crypto,date,split,model_type,y_true,y_pred
BTCUSDT,2024-01-01,val,baseline,0.060843345,-0.030195536
BTCUSDT,2024-01-02,val,baseline,0.02554783,-0.02338011
BTCUSDT,2024-01-03,val,baseline,0.08516414,-0.0418306
BTCUSDT,2024-01-04,val,baseline,0.04836955,-0.05180818
BTCUSDT,2024-01-05,val,baseline,-0.031347647,-0.05633401
BTCUSDT,2024-01-06,val,baseline,-0.025810638,-0.040528663
BTCUSDT,2024-01-07,val,baseline,-0.051298544,-0.03183277
BTCUSDT,2024-01-08,val,baseline,-0.09934014,-0.06637096
BTCUSDT,2024-01-09,val,baseline,-0.06662673,-0.05283784
BTCUSDT,2024-01-10,val,baseline,-0.08677892,-0.06931878
BTCUSDT,2024-01-11,val,baseline,-0.114459254,-0.06318198
BTCUSDT,2024-01-12,val,baseline,-0.026616365,-0.05271481
BTCUSDT,2024-01-13,val,baseline,-0.027252575,-0.07588658
BTCUSDT,2024-01-14,val,baseline,-0.0036493884,-0.07471239
BTCUSDT,2024-01-15,val,baseline,-0.071744,-0.0951183
BTCUSDT,2024-01-16,val,baseline,-0.07808695,-0.10863043
BTCUSDT,2024-01-17,val,baseline,-0.06498033,-0.09979606
BTCUSDT,2024-01-18,val,baseline,-0.033621907,-0.07951743
BTCUSDT,2024-01-19,val,baseline,0.0039404696,-0.088163264
BTCUSDT,2024-01-20,val,baseline,0.010131484,-0.0818071
BTCUSDT,2024-01-21,val,baseline,0.0107816495,-0.07198552
BTCUSDT,2024-01-22,val,baseline,0.09019377,-0.044813044
BTCUSDT,2024-01-23,val,baseline,0.07351324,-0.051337145
BTCUSDT,2024-01-24,val,baseline,0.060385454,-0.043692783
BTCUSDT,2024-01-25,val,baseline,0.07522087,-0.031129861
BTCUSDT,2024-01-26,val,baseline,0.032381874,-0.05829753
BTCUSDT,2024-01-27,val,baseline,0.020920346,-0.04875198
BTCUSDT,2024-01-28,val,baseline,0.013043426,-0.03931588
BTCUSDT,2024-01-29,val,baseline,-0.013812342,-0.05001326
BTCUSDT,2024-01-30,val,baseline,0.0036692256,-0.039160058
BTCUSDT,2024-01-31,val,baseline,0.04071903,-0.03586725
BTCUSDT,2024-02-01,val,baseline,0.049929354,-0.04141821
BTCUSDT,2024-02-02,val,baseline,0.08712802,-0.037700556
BTCUSDT,2024-02-03,val,baseline,0.1045439,-0.028630031
BTCUSDT,2024-02-04,val,baseline,0.12597907,-0.023952445
BTCUSDT,2024-02-05,val,baseline,0.15596439,-0.021938216
BTCUSDT,2024-02-06,val,baseline,0.14249805,-0.026929388
BTCUSDT,2024-02-07,val,baseline,0.15519321,-0.038932063
BTCUSDT,2024-02-08,val,baseline,0.13587691,-0.029714638
BTCUSDT,2024-02-09,val,baseline,0.100659095,-0.04976517
BTCUSDT,2024-02-10,val,baseline,0.07834579,-0.050312057
BTCUSDT,2024-02-11,val,baseline,0.07645637,-0.035819717
BTCUSDT,2024-02-12,val,baseline,0.03653516,-0.040974848
BTCUSDT,2024-02-13,val,baseline,0.050211996,-0.01856966
BTCUSDT,2024-02-14,val,baseline,0.0010462683,-0.027436221
BTCUSDT,2024-02-15,val,baseline,-0.011468364,-0.005593242
BTCUSDT,2024-02-16,val,baseline,-0.026831266,0.011951619
BTCUSDT,2024-02-17,val,baseline,-0.0014420965,0.040593952
BTCUSDT,2024-02-18,val,baseline,-0.007872067,0.05204416
BTCUSDT,2024-02-19,val,baseline,0.050866675,0.07412328
BTCUSDT,2024-02-20,val,baseline,0.08749746,0.06883857
BTCUSDT,2024-02-21,val,baseline,0.1857364,0.07501958
BTCUSDT,2024-02-22,val,baseline,0.17555378,0.07619137
BTCUSDT,2024-02-23,val,baseline,0.206575,0.060943775
BTCUSDT,2024-02-24,val,baseline,0.18402362,0.029666496
BTCUSDT,2024-02-25,val,baseline,0.1989265,0.019778471
BTCUSDT,2024-02-26,val,baseline,0.22534572,-0.02952679
BTCUSDT,2024-02-27,val,baseline,0.110855274,-0.06725137
BTCUSDT,2024-02-28,val,baseline,0.056696367,-0.1459281
BTCUSDT,2024-02-29,val,baseline,0.0890311,-0.12321449
BTCUSDT,2024-03-01,val,baseline,0.08796102,-0.112968564
BTCUSDT,2024-03-02,val,baseline,0.09717484,-0.060003005
BTCUSDT,2024-03-03,val,baseline,0.08852474,-0.039853856
BTCUSDT,2024-03-04,val,baseline,0.054635677,-0.06847622
BTCUSDT,2024-03-05,val,baseline,0.11446462,0.0042363983
BTCUSDT,2024-03-06,val,baseline,0.100674935,-0.030699054
BTCUSDT,2024-03-07,val,baseline,0.06609308,-0.011988565
BTCUSDT,2024-03-08,val,baseline,0.01999223,-0.004005717
BTCUSDT,2024-03-09,val,baseline,-0.045102354,0.030934924
BTCUSDT,2024-03-10,val,baseline,-0.008189381,0.048781738
BTCUSDT,2024-03-11,val,baseline,-0.0639945,0.026584206
BTCUSDT,2024-03-12,val,baseline,-0.14290184,0.03395185
BTCUSDT,2024-03-13,val,baseline,-0.074291356,-0.017481504
BTCUSDT,2024-03-14,val,baseline,-0.08607342,-0.03207563
BTCUSDT,2024-03-15,val,baseline,-0.08562407,-0.084555626
BTCUSDT,2024-03-16,val,baseline,-0.020274706,-0.10319495
BTCUSDT,2024-03-17,val,baseline,-0.017455602,-0.16326216
BTCUSDT,2024-03-18,val,baseline,0.033023875,-0.15652804
BTCUSDT,2024-03-19,val,baseline,0.1221996,-0.11102034
BTCUSDT,2024-03-20,val,baseline,0.023735352,-0.16626872
BTCUSDT,2024-03-21,val,baseline,0.07751542,-0.14777906
BTCUSDT,2024-03-22,val,baseline,0.090657294,-0.08748508
BTCUSDT,2024-03-23,val,baseline,0.083781525,-0.061843395
BTCUSDT,2024-03-24,val,baseline,0.058794025,-0.08745009
BTCUSDT,2024-03-25,val,baseline,-0.0032997997,-0.16175264
BTCUSDT,2024-03-26,val,baseline,-0.06682358,-0.16298531
BTCUSDT,2024-03-27,val,baseline,-0.051796637,-0.17564483
BTCUSDT,2024-03-28,val,baseline,-0.03292947,-0.14888473
BTCUSDT,2024-03-29,val,baseline,-0.029491538,-0.25868854
BTCUSDT,2024-03-30,val,baseline,-0.009910379,-0.063783444
BTCUSDT,2024-03-31,val,baseline,-0.027299969,-0.05503869
BTCUSDT,2024-04-01,val,baseline,0.027894536,-0.008873517
BTCUSDT,2024-04-02,val,baseline,0.054719992,0.06605645
BTCUSDT,2024-04-03,val,baseline,0.06837205,0.0933167
BTCUSDT,2024-04-04,val,baseline,0.021928757,0.06347876
BTCUSDT,2024-04-05,val,baseline,-0.0104360655,0.06842769
BTCUSDT,2024-04-06,val,baseline,-0.07489526,0.057072572
BTCUSDT,2024-04-07,val,baseline,-0.054798022,0.04187555
BTCUSDT,2024-04-08,val,baseline,-0.121595256,-0.014607677
BTCUSDT,2024-04-09,val,baseline,-0.08057063,0.008477813
BTCUSDT,2024-04-10,val,baseline,-0.14205967,-0.053876348
BTCUSDT,2024-04-11,val,baseline,-0.09801562,-0.030994626
BTCUSDT,2024-04-12,val,baseline,-0.050394773,0.041615047
BTCUSDT,2024-04-13,val,baseline,0.015769996,0.14031008
BTCUSDT,2024-04-14,val,baseline,-0.011036459,0.15306906
BTCUSDT,2024-04-15,val,baseline,0.052213147,0.17536682
BTCUSDT,2024-04-16,val,baseline,0.040258296,0.17382802
BTCUSDT,2024-04-17,val,baseline,0.047987115,0.19829151
BTCUSDT,2024-04-18,val,baseline,0.016070873,0.1760013
BTCUSDT,2024-04-19,val,baseline,-0.0007524218,0.12237746
BTCUSDT,2024-04-20,val,baseline,-0.023031866,0.107506976
BTCUSDT,2024-04-21,val,baseline,-0.028465662,0.084790446
BTCUSDT,2024-04-22,val,baseline,-0.045205124,-0.093906574
BTCUSDT,2024-04-23,val,baseline,-0.09042557,-0.13152377
BTCUSDT,2024-04-24,val,baseline,-0.09668184,-0.07917487
BTCUSDT,2024-04-25,val,baseline,-0.08807528,-0.06599943
BTCUSDT,2024-04-26,val,baseline,-0.0140229035,-0.057826765
BTCUSDT,2024-04-27,val,baseline,0.0067537976,-0.0639992
BTCUSDT,2024-04-28,val,baseline,0.014054753,-0.053738736
BTCUSDT,2024-04-29,val,baseline,-0.01103378,-0.08087469
BTCUSDT,2024-04-30,val,baseline,0.026673,-0.049573347
BTCUSDT,2024-05-01,val,baseline,0.04731741,-0.026571514
BTCUSDT,2024-05-02,val,baseline,0.065744594,-0.007493386
BTCUSDT,2024-05-03,val,baseline,-0.03367049,-0.10484462
BTCUSDT,2024-05-04,val,baseline,-0.04917762,-0.14530496
BTCUSDT,2024-05-05,val,baseline,-0.04029375,-0.15492964
BTCUSDT,2024-05-06,val,baseline,-0.0035701955,-0.13407002
BTCUSDT,2024-05-07,val,baseline,-0.011858926,-0.11004908
BTCUSDT,2024-05-08,val,baseline,0.07874535,-0.08791882
BTCUSDT,2024-05-09,val,baseline,0.033690557,-0.11485354
BTCUSDT,2024-05-10,val,baseline,0.09746114,-0.084495656
BTCUSDT,2024-05-11,val,baseline,0.09540898,-0.07536208
BTCUSDT,2024-05-12,val,baseline,0.075021,-0.085642375
BTCUSDT,2024-05-13,val,baseline,0.12676744,-0.111783594
BTCUSDT,2024-05-14,val,baseline,0.13031577,-0.10314562
BTCUSDT,2024-05-15,val,baseline,0.043739732,-0.19160765
BTCUSDT,2024-05-16,val,baseline,0.041061927,-0.19070227
BTCUSDT,2024-05-17,val,baseline,0.022512496,-0.21694614
BTCUSDT,2024-05-18,val,baseline,0.034882676,-0.19906859
BTCUSDT,2024-05-19,val,baseline,0.033147894,-0.16674037
BTCUSDT,2024-05-20,val,baseline,-0.02853894,-0.2480263
BTCUSDT,2024-05-21,val,baseline,-0.025262857,-0.2170629
BTCUSDT,2024-05-22,val,baseline,-0.02213525,-0.18208973
BTCUSDT,2024-05-23,val,baseline,0.005612029,-0.16424806
BTCUSDT,2024-05-24,val,baseline,-0.014843097,-0.16968878
BTCUSDT,2024-05-25,val,baseline,-0.022235684,-0.16697204
BTCUSDT,2024-05-26,val,baseline,-0.010890575,-0.15068422
BTCUSDT,2024-05-27,val,baseline,-0.009064028,-0.16825373
BTCUSDT,2024-05-28,val,baseline,0.030800017,-0.16813166
BTCUSDT,2024-05-29,val,baseline,0.04981672,-0.15981518
BTCUSDT,2024-05-30,val,baseline,0.035172414,-0.17203222
BTCUSDT,2024-05-31,val,baseline,0.02652673,-0.15021916
BTCUSDT,2024-06-01,val,baseline,0.022522695,-0.13369213
BTCUSDT,2024-06-02,val,baseline,0.02740086,-0.12146089
BTCUSDT,2024-06-03,val,baseline,0.010554496,-0.11721451
BTCUSDT,2024-06-04,val,baseline,-0.046777498,-0.16159011
BTCUSDT,2024-06-05,val,baseline,-0.040817454,-0.1874598
BTCUSDT,2024-06-06,val,baseline,-0.058546767,-0.18583561
BTCUSDT,2024-06-07,val,baseline,-0.048925858,-0.16190003
BTCUSDT,2024-06-08,val,baseline,-0.045488723,-0.13538952
BTCUSDT,2024-06-09,val,baseline,-0.043597877,-0.120885156
BTCUSDT,2024-06-10,val,baseline,-0.04463507,-0.105202
BTCUSDT,2024-06-11,val,baseline,-0.032290936,-0.08876435
BTCUSDT,2024-06-12,val,baseline,-0.04938951,-0.097884975
BTCUSDT,2024-06-13,val,baseline,-0.028913844,-0.07498148
BTCUSDT,2024-06-14,val,baseline,-0.029197339,-0.056884415
BTCUSDT,2024-06-15,val,baseline,-0.030138476,-0.04849977
BTCUSDT,2024-06-16,val,baseline,-0.053395443,-0.051680423
BTCUSDT,2024-06-17,val,baseline,-0.09804607,-0.047818653
BTCUSDT,2024-06-18,val,baseline,-0.05308026,-0.024156326
BTCUSDT,2024-06-19,val,baseline,-0.06533475,-0.008677566
BTCUSDT,2024-06-20,val,baseline,-0.049996324,-0.0065315086
BTCUSDT,2024-06-21,val,baseline,-0.05967377,-0.0036007557
BTCUSDT,2024-06-22,val,baseline,-0.052313153,-0.0027434248
BTCUSDT,2024-06-23,val,baseline,-0.006953401,0.010058438
BTCUSDT,2024-06-24,val,baseline,0.04232502,0.028096577
BTCUSDT,2024-06-25,val,baseline,0.0053163925,0.0043984037
BTCUSDT,2024-06-26,val,baseline,-0.010843266,0.01375307
BTCUSDT,2024-06-27,val,baseline,-0.07846054,-0.005766997
BTCUSDT,2024-06-28,val,baseline,-0.06493241,0.0010465737
BTCUSDT,2024-06-29,val,baseline,-0.04625256,-0.007018568
BTCUSDT,2024-06-30,val,baseline,-0.11669992,-0.038710073
BTCUSDT,2024-07-01,val,baseline,-0.10351398,-0.0415501
BTCUSDT,2024-07-02,val,baseline,-0.06801229,-0.03257733
BTCUSDT,2024-07-03,val,baseline,-0.042109787,-0.015506735
BTCUSDT,2024-07-04,val,baseline,0.0050682905,0.0057705697
BTCUSDT,2024-07-05,val,baseline,0.022011599,0.0031656679
BTCUSDT,2024-07-06,val,baseline,0.016586527,-0.018299112
BTCUSDT,2024-07-07,val,baseline,0.084746055,0.005150212
BTCUSDT,2024-07-08,val,baseline,0.1321022,-0.026195334
BTCUSDT,2024-07-09,val,baseline,0.1137591,-0.05421274
BTCUSDT,2024-07-10,val,baseline,0.104551904,-0.058443658
BTCUSDT,2024-07-11,val,baseline,0.109697774,-0.050795853
BTCUSDT,2024-07-12,val,baseline,0.14107597,-0.06424131
BTCUSDT,2024-07-13,val,baseline,0.12578996,-0.08268088
BTCUSDT,2024-07-14,val,baseline,0.114380814,-0.096543975
BTCUSDT,2024-07-15,val,baseline,0.042467467,-0.15491454
BTCUSDT,2024-07-16,val,baseline,0.013620916,-0.16284116
BTCUSDT,2024-07-17,val,baseline,0.019898236,-0.13015656
BTCUSDT,2024-07-18,val,baseline,0.027924763,-0.102423206
BTCUSDT,2024-07-19,val,baseline,0.018548628,-0.13078603
BTCUSDT,2024-07-20,val,baseline,0.011205091,-0.106867984
BTCUSDT,2024-07-21,val,baseline,0.0012394513,-0.09325739
BTCUSDT,2024-07-22,val,baseline,-0.011127845,-0.054425128
BTCUSDT,2024-07-23,val,baseline,0.0038144514,-0.026434379
BTCUSDT,2024-07-24,val,baseline,-0.0115074655,-0.020915667
BTCUSDT,2024-07-25,val,baseline,-0.0068001254,-0.035118066
BTCUSDT,2024-07-26,val,baseline,-0.099143684,-0.05869192
BTCUSDT,2024-07-27,val,baseline,-0.112073906,-0.056647733
BTCUSDT,2024-07-28,val,baseline,-0.15996064,-0.058323123
BTCUSDT,2024-07-29,val,baseline,-0.21214154,-0.0573672
BTCUSDT,2024-07-30,val,baseline,-0.16675453,-0.064630985
BTCUSDT,2024-07-31,val,baseline,-0.15887827,-0.0618705
BTCUSDT,2024-08-01,val,baseline,-0.057762116,-0.08611205
BTCUSDT,2024-08-02,val,baseline,-0.0107955905,-0.043378115
BTCUSDT,2024-08-03,val,baseline,0.003708559,-0.014647113
BTCUSDT,2024-08-04,val,baseline,0.009439157,0.020730456
BTCUSDT,2024-08-05,val,baseline,0.094063185,0.042162217
BTCUSDT,2024-08-06,val,baseline,0.078338176,0.018791316
BTCUSDT,2024-08-07,val,baseline,0.062387235,0.018469175
BTCUSDT,2024-08-08,val,baseline,-0.06955806,-0.104982845
BTCUSDT,2024-08-09,val,baseline,-0.03280467,-0.10183933
BTCUSDT,2024-08-10,val,baseline,-0.02377746,-0.08610604
BTCUSDT,2024-08-11,val,baseline,-0.0048700823,-0.040621884
BTCUSDT,2024-08-12,val,baseline,0.0015466585,-0.03905373
BTCUSDT,2024-08-13,val,baseline,-0.02631151,-0.05387126
BTCUSDT,2024-08-14,val,baseline,0.041271746,-0.03033734
BTCUSDT,2024-08-15,val,baseline,0.048090246,-0.009231033
BTCUSDT,2024-08-16,val,baseline,0.08405503,-0.037801415
BTCUSDT,2024-08-17,val,baseline,0.07549168,-0.054106206
BTCUSDT,2024-08-18,val,baseline,0.09453059,-0.05214814
BTCUSDT,2024-08-19,val,baseline,0.055554163,-0.09221537
BTCUSDT,2024-08-20,val,baseline,0.006775405,-0.102928706
BTCUSDT,2024-08-21,val,baseline,-0.035299674,-0.1573144
BTCUSDT,2024-08-22,val,baseline,-0.016985103,-0.1526613
BTCUSDT,2024-08-23,val,baseline,-0.079828024,-0.22043416
BTCUSDT,2024-08-24,val,baseline,-0.08423686,-0.22159398
BTCUSDT,2024-08-25,val,baseline,-0.113981605,-0.1987494
BTCUSDT,2024-08-26,val,baseline,-0.060721897,-0.1530237
BTCUSDT,2024-08-27,val,baseline,-0.032975186,-0.119369425
BTCUSDT,2024-08-28,val,baseline,-0.018187635,-0.13188808
BTCUSDT,2024-08-29,val,baseline,-0.055043098,-0.14882764
BTCUSDT,2024-08-30,val,baseline,-0.091338694,-0.15120484
BTCUSDT,2024-08-31,val,baseline,-0.08513799,-0.14169145
BTCUSDT,2024-09-01,val,baseline,-0.043367244,-0.113139525
BTCUSDT,2024-09-02,val,baseline,-0.03598659,-0.13861303
BTCUSDT,2024-09-03,val,baseline,0.0025756652,-0.114677995
BTCUSDT,2024-09-04,val,baseline,-0.01097758,-0.10753048
BTCUSDT,2024-09-05,val,baseline,0.03416097,-0.0789525
BTCUSDT,2024-09-06,val,baseline,0.11431224,-0.026349561
BTCUSDT,2024-09-07,val,baseline,0.10226988,-0.014838511
BTCUSDT,2024-09-08,val,baseline,0.07480639,-0.02164081
BTCUSDT,2024-09-09,val,baseline,0.020337865,-0.06439507
BTCUSDT,2024-09-10,val,baseline,0.045416884,-0.0866454
BTCUSDT,2024-09-11,val,baseline,0.07429216,-0.08508717
BTCUSDT,2024-09-12,val,baseline,0.079587035,-0.09041771
BTCUSDT,2024-09-13,val,baseline,0.043710608,-0.1222185
BTCUSDT,2024-09-14,val,baseline,0.0544301,-0.098182224
BTCUSDT,2024-09-15,val,baseline,0.07250722,-0.06822213
BTCUSDT,2024-09-16,val,baseline,0.08439118,-0.04453306
BTCUSDT,2024-09-17,val,baseline,0.06341529,-0.072709925
BTCUSDT,2024-09-18,val,baseline,0.022288933,-0.09191802
BTCUSDT,2024-09-19,val,baseline,0.03475163,-0.10133076
BTCUSDT,2024-09-20,val,baseline,0.039842132,-0.08294708
BTCUSDT,2024-09-21,val,baseline,0.038842417,-0.055413507
BTCUSDT,2024-09-22,val,baseline,0.031326883,-0.034456946
BTCUSDT,2024-09-23,val,baseline,-0.00019578806,-0.017624976
BTCUSDT,2024-09-24,val,baseline,-0.05529452,-0.027033357
BTCUSDT,2024-09-25,val,baseline,-0.040436912,0.0006023748
BTCUSDT,2024-09-26,val,baseline,-0.070248775,-0.03708838
BTCUSDT,2024-09-27,val,baseline,-0.057642527,-0.036503658
BTCUSDT,2024-09-28,val,baseline,-0.05943148,-0.025354112
BTCUSDT,2024-09-29,val,baseline,-0.043334275,-0.009429054
BTCUSDT,2024-09-30,val,baseline,-0.017580317,0.012483865
BTCUSDT,2024-10-01,val,baseline,0.022034738,-0.0063231383
BTCUSDT,2024-10-02,val,baseline,-0.000218658,-0.031346977
BTCUSDT,2024-10-03,val,baseline,-0.0070420373,-0.03910011
BTCUSDT,2024-10-04,val,baseline,0.0072858315,-0.057955004
BTCUSDT,2024-10-05,val,baseline,0.018333282,-0.05729203
BTCUSDT,2024-10-06,val,baseline,0.00079735904,-0.06777607
BTCUSDT,2024-10-07,val,baseline,0.06018573,-0.06479538
BTCUSDT,2024-10-08,val,baseline,0.07607899,-0.061206974
BTCUSDT,2024-10-09,val,baseline,0.10901484,-0.045938842
BTCUSDT,2024-10-10,val,baseline,0.111198455,-0.034544975
BTCUSDT,2024-10-11,val,baseline,0.089975744,-0.06492362
BTCUSDT,2024-10-12,val,baseline,0.07864842,-0.06811396
BTCUSDT,2024-10-13,val,baseline,0.0935006,-0.05316776
BTCUSDT,2024-10-14,val,baseline,0.019384626,-0.10590515
BTCUSDT,2024-10-15,val,baseline,0.0052321255,-0.1331242
BTCUSDT,2024-10-16,val,baseline,-0.014169117,-0.12976371
BTCUSDT,2024-10-17,val,baseline,0.011451233,-0.09773249
BTCUSDT,2024-10-18,val,baseline,-0.025602182,-0.08818204
BTCUSDT,2024-10-19,val,baseline,-0.018974995,-0.052901544
BTCUSDT,2024-10-20,val,baseline,-0.014743248,-0.041968085
BTCUSDT,2024-10-21,val,baseline,0.037644103,-0.012485487
BTCUSDT,2024-10-22,val,baseline,0.07581152,-0.015279764
BTCUSDT,2024-10-23,val,baseline,0.08170792,-0.009366931
BTCUSDT,2024-10-24,val,baseline,0.030238792,-0.033832774
BTCUSDT,2024-10-25,val,baseline,0.041089427,-0.024202222
BTCUSDT,2024-10-26,val,baseline,0.033446684,-0.030214833
BTCUSDT,2024-10-27,val,baseline,0.011027929,-0.0401877
BTCUSDT,2024-10-28,val,baseline,-0.030655706,-0.07417137
BTCUSDT,2024-10-29,val,baseline,-0.04735875,-0.14308913
BTCUSDT,2024-10-30,val,baseline,0.043642964,-0.13136552
BTCUSDT,2024-10-31,val,baseline,0.076203585,-0.087613314
BTCUSDT,2024-11-01,val,baseline,0.096149236,-0.07015483
BTCUSDT,2024-11-02,val,baseline,0.10008497,-0.04932621
BTCUSDT,2024-11-03,val,baseline,0.1557864,-0.037429556
BTCUSDT,2024-11-04,val,baseline,0.26737383,-0.034008175
BTCUSDT,2024-11-05,val,baseline,0.23730785,-0.055806153
BTCUSDT,2024-11-06,val,baseline,0.17888418,-0.17718273
BTCUSDT,2024-11-07,val,baseline,0.14078182,-0.20374894
BTCUSDT,2024-11-08,val,baseline,0.17379329,-0.21781687
BTCUSDT,2024-11-09,val,baseline,0.16670203,-0.20502213
BTCUSDT,2024-11-10,val,baseline,0.111567184,-0.25344124
BTCUSDT,2024-11-11,val,baseline,0.020279506,-0.3280842
BTCUSDT,2024-11-12,val,baseline,0.048369713,-0.30591458
BTCUSDT,2024-11-13,val,baseline,0.042368762,-0.31236407
BTCUSDT,2024-11-14,val,baseline,0.11855463,-0.26021576
BTCUSDT,2024-11-15,val,baseline,0.08281648,-0.27315998
BTCUSDT,2024-11-16,val,baseline,0.07530919,-0.22953486
BTCUSDT,2024-11-17,val,baseline,0.08573868,-0.20049575
BTCUSDT,2024-11-18,val,baseline,0.027754257,-0.19516389
BTCUSDT,2024-11-19,val,baseline,-0.0037512265,-0.19836234
BTCUSDT,2024-11-20,val,baseline,0.01658258,-0.2107545
BTCUSDT,2024-11-21,val,baseline,-0.027565416,-0.24217446
BTCUSDT,2024-11-22,val,baseline,-0.014586308,-0.24321358
BTCUSDT,2024-11-23,val,baseline,-0.0130299395,-0.24013767
BTCUSDT,2024-11-24,val,baseline,-0.0073287273,-0.25248596
BTCUSDT,2024-11-25,val,baseline,0.029979482,-0.2506033
BTCUSDT,2024-11-26,val,baseline,0.041371424,-0.26581588
BTCUSDT,2024-11-27,val,baseline,0.028021416,-0.30820966
BTCUSDT,2024-11-28,val,baseline,0.01351755,-0.3206181
BTCUSDT,2024-11-29,val,baseline,0.023133185,-0.334407
BTCUSDT,2024-11-30,val,baseline,0.034899592,-0.32355574
BTCUSDT,2024-12-01,val,baseline,0.03958675,-0.32815042
BTCUSDT,2024-12-02,val,baseline,0.014870527,-0.31115013
BTCUSDT,2024-12-03,val,baseline,0.0077250395,-0.28624624
BTCUSDT,2024-12-04,val,baseline,0.025414722,-0.31382298
BTCUSDT,2024-12-05,val,baseline,0.03106278,-0.31817177
BTCUSDT,2024-12-06,val,baseline,0.016736992,-0.36900696
BTCUSDT,2024-12-07,val,baseline,0.015781637,-0.3756865
BTCUSDT,2024-12-08,val,baseline,0.03263744,-0.36538723
BTCUSDT,2024-12-09,val,baseline,0.086435206,-0.12807794
BTCUSDT,2024-12-10,val,baseline,0.09419372,-0.082803965
BTCUSDT,2024-12-11,val,baseline,-0.009149168,-0.30020243
BTCUSDT,2024-12-12,val,baseline,-0.025751963,-0.15844999
BTCUSDT,2024-12-13,val,baseline,-0.036332015,-0.16672537
BTCUSDT,2024-12-14,val,baseline,-0.041553646,-0.14136581
BTCUSDT,2024-12-15,val,baseline,-0.09300671,-0.24202372
BTCUSDT,2024-12-16,val,baseline,-0.11136391,-0.32746065
BTCUSDT,2024-12-17,val,baseline,-0.072984114,-0.39779517
BTCUSDT,2024-12-18,val,baseline,-0.007758352,-0.35744855
BTCUSDT,2024-12-19,val,baseline,-0.017286124,-0.3102449
BTCUSDT,2024-12-20,val,baseline,-0.036509298,-0.26534787
BTCUSDT,2024-12-21,val,baseline,-0.020686852,-0.23045856
BTCUSDT,2024-12-22,val,baseline,-0.015329919,-0.16178507
BTCUSDT,2024-12-23,val,baseline,-0.02226746,-0.13065417
BTCUSDT,2024-12-24,val,baseline,-0.05294194,-0.14707398
BTCUSDT,2025-01-01,test,baseline,0.0049440023,-0.046775043
BTCUSDT,2025-01-02,test,baseline,-0.04677822,-0.04344921
BTCUSDT,2025-01-03,test,baseline,-0.035753574,-0.034065798
BTCUSDT,2025-01-04,test,baseline,-0.03755758,-0.01921828
BTCUSDT,2025-01-05,test,baseline,-0.03959437,-0.0058621615
BTCUSDT,2025-01-06,test,baseline,-0.07829818,-0.013796747
BTCUSDT,2025-01-07,test,baseline,-0.0040694475,0.00034622848
BTCUSDT,2025-01-08,test,baseline,0.05561667,-0.0056532472
BTCUSDT,2025-01-09,test,baseline,0.07726724,0.009044722
BTCUSDT,2025-01-10,test,baseline,0.094145946,0.0061217993
BTCUSDT,2025-01-11,test,baseline,0.100067645,0.014560521
BTCUSDT,2025-01-12,test,baseline,0.06932147,0.023790017
BTCUSDT,2025-01-13,test,baseline,0.07853691,0.029266506
BTCUSDT,2025-01-14,test,baseline,0.09462149,0.020809218
BTCUSDT,2025-01-15,test,baseline,0.03143498,0.00034807622
BTCUSDT,2025-01-16,test,baseline,0.038485233,-9.675324e-05
BTCUSDT,2025-01-17,test,baseline,0.007590634,-0.038941547
BTCUSDT,2025-01-18,test,baseline,0.0018214739,-0.05055213
BTCUSDT,2025-01-19,test,baseline,0.012634834,-0.03371404
BTCUSDT,2025-01-20,test,baseline,-0.0017341449,-0.058740184
BTCUSDT,2025-01-21,test,baseline,-0.046357974,-0.07329486
BTCUSDT,2025-01-22,test,baseline,0.000256267,-0.041592762
BTCUSDT,2025-01-23,test,baseline,0.007789784,-0.03437352
BTCUSDT,2025-01-24,test,baseline,-0.023550913,-0.049984485
BTCUSDT,2025-01-25,test,baseline,-0.04003992,-0.04631515
BTCUSDT,2025-01-26,test,baseline,-0.049125247,-0.018511668
BTCUSDT,2025-01-27,test,baseline,-0.007416631,0.0025760382
BTCUSDT,2025-01-28,test,baseline,-0.03588948,0.022431001
BTCUSDT,2025-01-29,test,baseline,-0.071115196,-0.0023476183
BTCUSDT,2025-01-30,test,baseline,-0.08121213,-0.008044168
BTCUSDT,2025-01-31,test,baseline,-0.05956187,-0.0043417364
BTCUSDT,2025-02-01,test,baseline,-0.042536367,-0.0032339394
BTCUSDT,2025-02-02,test,baseline,-0.012750674,0.017500624
BTCUSDT,2025-02-03,test,baseline,-0.039225325,-0.0080488175
BTCUSDT,2025-02-04,test,baseline,-0.02051241,-0.011775836
BTCUSDT,2025-02-05,test,baseline,0.012932558,-0.04123296
BTCUSDT,2025-02-06,test,baseline,0.00055694045,-0.074946135
BTCUSDT,2025-02-07,test,baseline,0.010243829,-0.106389746
BTCUSDT,2025-02-08,test,baseline,0.011596383,-0.12005921
BTCUSDT,2025-02-09,test,baseline,-0.0035790717,-0.12082948
BTCUSDT,2025-02-10,test,baseline,-0.017088693,-0.11325331
BTCUSDT,2025-02-11,test,baseline,-0.0011121447,-0.099632606
BTCUSDT,2025-02-12,test,baseline,-0.012602013,-0.10316874
BTCUSDT,2025-02-13,test,baseline,0.017411888,-0.10384582
BTCUSDT,2025-02-14,test,baseline,-0.013615279,-0.094532356
BTCUSDT,2025-02-15,test,baseline,-0.010495115,-0.07143514
BTCUSDT,2025-02-16,test,baseline,0.0014542348,-0.05373214
BTCUSDT,2025-02-17,test,baseline,-0.045137167,-0.06313957
BTCUSDT,2025-02-18,test,baseline,-0.07588406,-0.060752586
BTCUSDT,2025-02-19,test,baseline,-0.13724832,-0.031616613
BTCUSDT,2025-02-20,test,baseline,-0.148858,0.007962137
BTCUSDT,2025-02-21,test,baseline,-0.13126792,0.018600985
BTCUSDT,2025-02-22,test,baseline,-0.114974104,0.024937764
BTCUSDT,2025-02-23,test,baseline,-0.020869082,0.027973816
BTCUSDT,2025-02-24,test,baseline,-0.060007483,0.0076533407
BTCUSDT,2025-02-25,test,baseline,-0.01589487,-0.007916659
BTCUSDT,2025-02-26,test,baseline,0.07273091,0.00773032
BTCUSDT,2025-02-27,test,baseline,0.05983571,-0.020770684
BTCUSDT,2025-02-28,test,baseline,0.028652685,-0.039149523
BTCUSDT,2025-03-01,test,baseline,0.0018332208,-0.072611675
BTCUSDT,2025-03-02,test,baseline,-0.15499862,-0.13443024
BTCUSDT,2025-03-03,test,baseline,-0.09259022,-0.06471585
BTCUSDT,2025-03-04,test,baseline,-0.051111095,-0.06628765
BTCUSDT,2025-03-05,test,baseline,-0.079519115,-0.09289621
BTCUSDT,2025-03-06,test,baseline,-0.10317509,-0.08699222
BTCUSDT,2025-03-07,test,baseline,-0.033010002,-0.064814836
BTCUSDT,2025-03-08,test,baseline,-0.022092832,-0.060642064
BTCUSDT,2025-03-09,test,baseline,0.022536896,-0.032473743
BTCUSDT,2025-03-10,test,baseline,0.06661717,-0.033497453
BTCUSDT,2025-03-11,test,baseline,-0.0026316056,-0.07100642
BTCUSDT,2025-03-12,test,baseline,0.03713431,-0.051139563
BTCUSDT,2025-03-13,test,baseline,0.037595157,0.008785009
BTCUSDT,2025-03-14,test,baseline,0.0012564856,0.00014674664
BTCUSDT,2025-03-15,test,baseline,-0.005920494,0.0098302215
BTCUSDT,2025-03-16,test,baseline,0.041604858,0.0062989593
BTCUSDT,2025-03-17,test,baseline,0.040681567,-0.013525024
BTCUSDT,2025-03-18,test,baseline,0.055012375,0.004802689
BTCUSDT,2025-03-19,test,baseline,0.00072780595,-0.04455805
BTCUSDT,2025-03-20,test,baseline,0.035098676,-0.024830893
BTCUSDT,2025-03-21,test,baseline,0.003982958,-0.014545947
BTCUSDT,2025-03-22,test,baseline,-0.014320099,-0.0048169196
BTCUSDT,2025-03-23,test,baseline,-0.04384219,0.006089583
BTCUSDT,2025-03-24,test,baseline,-0.058213472,0.028356045
BTCUSDT,2025-03-25,test,baseline,-0.025901353,0.021801382
BTCUSDT,2025-03-26,test,baseline,-0.05186782,0.013463676
BTCUSDT,2025-03-27,test,baseline,-0.047166683,0.021592304
BTCUSDT,2025-03-28,test,baseline,-0.0063513555,0.027779296
BTCUSDT,2025-03-29,test,baseline,0.0107043395,0.03283958
BTCUSDT,2025-03-30,test,baseline,-0.049257442,0.039301492
BTCUSDT,2025-03-31,test,baseline,-0.04189224,0.031569332
BTCUSDT,2025-04-01,test,baseline,-0.10954561,0.0035268217
BTCUSDT,2025-04-02,test,baseline,0.0011981967,0.006116122
BTCUSDT,2025-04-03,test,baseline,-0.04429887,-0.0109635
BTCUSDT,2025-04-04,test,baseline,-0.0055707474,-0.022329852
BTCUSDT,2025-04-05,test,baseline,0.02060211,-0.014622152
BTCUSDT,2025-04-06,test,baseline,0.06574906,0.027937025
BTCUSDT,2025-04-07,test,baseline,0.066322684,-0.0007738322
BTCUSDT,2025-04-08,test,baseline,0.09160284,0.007817447
BTCUSDT,2025-04-09,test,baseline,0.016984476,-0.09155075
BTCUSDT,2025-04-10,test,baseline,0.06493245,-0.063204184
BTCUSDT,2025-04-11,test,baseline,0.012517843,-0.09798209
BTCUSDT,2025-04-12,test,baseline,-0.0023467627,-0.09437786
BTCUSDT,2025-04-13,test,baseline,0.016802175,-0.04557769
BTCUSDT,2025-04-14,test,baseline,0.033989526,-0.02996707
BTCUSDT,2025-04-15,test,baseline,0.11078194,-0.020138443
BTCUSDT,2025-04-16,test,baseline,0.10882459,-0.0073780715
BTCUSDT,2025-04-17,test,baseline,0.10104875,-0.0018643737
BTCUSDT,2025-04-18,test,baseline,0.113614306,0.010593042
BTCUSDT,2025-04-19,test,baseline,0.10639657,0.015919626
BTCUSDT,2025-04-20,test,baseline,0.09586646,0.05644021
BTCUSDT,2025-04-21,test,baseline,0.08217031,0.02769272
BTCUSDT,2025-04-22,test,baseline,0.0086716665,-0.06814851
BTCUSDT,2025-04-23,test,baseline,0.00511991,-0.11398883
BTCUSDT,2025-04-24,test,baseline,0.026351448,-0.11204864
BTCUSDT,2025-04-25,test,baseline,0.023480523,-0.12795375
BTCUSDT,2025-04-26,test,baseline,0.012898032,-0.121104285
BTCUSDT,2025-04-27,test,baseline,0.005619636,-0.090757504
BTCUSDT,2025-04-28,test,baseline,-0.0029249825,-0.090100065
BTCUSDT,2025-04-29,test,baseline,0.026975194,-0.057127222
BTCUSDT,2025-04-30,test,baseline,0.029902464,-0.037957147
BTCUSDT,2025-05-01,test,baseline,0.06782713,-0.055498555
BTCUSDT,2025-05-02,test,baseline,0.060910214,-0.047049507
BTCUSDT,2025-05-03,test,baseline,0.08929326,-0.023335516
BTCUSDT,2025-05-04,test,baseline,0.099281035,0.0067944974
BTCUSDT,2025-05-05,test,baseline,0.081631325,0.0128110945
BTCUSDT,2025-05-06,test,baseline,0.072389334,-0.014111415
BTCUSDT,2025-05-07,test,baseline,0.064621806,-0.006256774
BTCUSDT,2025-05-08,test,baseline,0.004850721,-0.06728883
BTCUSDT,2025-05-09,test,baseline,0.00476575,-0.07007067
BTCUSDT,2025-05-10,test,baseline,-0.016186858,-0.07566467
BTCUSDT,2025-05-11,test,baseline,0.022190537,-0.05380024
BTCUSDT,2025-05-12,test,baseline,0.026708752,-0.032369956
BTCUSDT,2025-05-13,test,baseline,0.02603818,-0.027491063
BTCUSDT,2025-05-14,test,baseline,0.057591498,-0.003532052
BTCUSDT,2025-05-15,test,baseline,0.07366648,0.0030326992
BTCUSDT,2025-05-16,test,baseline,0.036576424,0.017571017
BTCUSDT,2025-05-17,test,baseline,0.043966413,0.0367679
BTCUSDT,2025-05-18,test,baseline,0.023670912,0.015280142
BTCUSDT,2025-05-19,test,baseline,0.035919182,0.031834245
BTCUSDT,2025-05-20,test,baseline,0.019354586,0.004701212
BTCUSDT,2025-05-21,test,baseline,-0.017130036,-0.040480837
BTCUSDT,2025-05-22,test,baseline,-0.056221474,-0.08616404
BTCUSDT,2025-05-23,test,baseline,-0.03154791,-0.054476514
BTCUSDT,2025-05-24,test,baseline,-0.029858338,-0.0405467
BTCUSDT,2025-05-25,test,baseline,-0.0313215,-0.022970244
BTCUSDT,2025-05-26,test,baseline,-0.033230368,6.863475e-05
BTCUSDT,2025-05-27,test,baseline,-0.033237122,0.018880233
BTCUSDT,2025-05-28,test,baseline,-0.0290395,0.04041232
BTCUSDT,2025-05-29,test,baseline,-0.03941699,0.05823776
BTCUSDT,2025-05-30,test,baseline,0.0029092478,0.067005605
BTCUSDT,2025-05-31,test,baseline,0.009139224,0.06765911
BTCUSDT,2025-06-01,test,baseline,0.0008616835,0.053298876
BTCUSDT,2025-06-02,test,baseline,0.040770125,0.048949033
BTCUSDT,2025-06-03,test,baseline,0.04542836,0.045269594
BTCUSDT,2025-06-04,test,baseline,0.037017662,0.031602874
BTCUSDT,2025-06-05,test,baseline,0.04019309,0.0074473023
BTCUSDT,2025-06-06,test,baseline,0.016906582,-0.003869012
BTCUSDT,2025-06-07,test,baseline,-0.0013036177,-0.006921947
BTCUSDT,2025-06-08,test,baseline,-0.00132486,-0.009289369
BTCUSDT,2025-06-09,test,baseline,-0.031961896,0.007897437
BTCUSDT,2025-06-10,test,baseline,-0.0532951,0.01892899
BTCUSDT,2025-06-11,test,baseline,-0.03520531,0.0244046
BTCUSDT,2025-06-12,test,baseline,-0.009633874,0.0264536
BTCUSDT,2025-06-13,test,baseline,-0.026449187,0.02465342
BTCUSDT,2025-06-14,test,baseline,-0.031752836,0.029129326
BTCUSDT,2025-06-15,test,baseline,-0.044838917,0.024327949
BTCUSDT,2025-06-16,test,baseline,-0.013771119,0.022870138
BTCUSDT,2025-06-17,test,baseline,0.01454519,0.020470664
BTCUSDT,2025-06-18,test,baseline,0.023125287,0.018487498
BTCUSDT,2025-06-19,test,baseline,0.021630418,0.03302799
BTCUSDT,2025-06-20,test,baseline,0.035655584,0.026326075
BTCUSDT,2025-06-21,test,baseline,0.049450044,0.009325743
BTCUSDT,2025-06-22,test,baseline,0.07066795,-0.007251933
BTCUSDT,2025-06-23,test,baseline,0.017061468,-0.0380785
BTCUSDT,2025-06-24,test,baseline,-0.003795359,-0.03909096
BTCUSDT,2025-06-25,test,baseline,0.013960343,-0.021525726
BTCUSDT,2025-06-26,test,baseline,0.02436455,-0.0051299483
BTCUSDT,2025-06-27,test,baseline,0.008711789,0.0001899153
BTCUSDT,2025-06-28,test,baseline,0.008365258,0.0070161074
BTCUSDT,2025-06-29,test,baseline,0.0077855424,0.012461454
BTCUSDT,2025-06-30,test,baseline,0.010365841,0.013197303
BTCUSDT,2025-07-01,test,baseline,0.03021458,0.01719363
BTCUSDT,2025-07-02,test,baseline,0.021668887,0.017611966
BTCUSDT,2025-07-03,test,baseline,0.056977898,0.022899643
BTCUSDT,2025-07-04,test,baseline,0.08468842,0.03493704
BTCUSDT,2025-07-05,test,baseline,0.081793256,0.045150742
BTCUSDT,2025-07-06,test,baseline,0.08663507,0.047780022
BTCUSDT,2025-07-07,test,baseline,0.10160447,0.03485535
BTCUSDT,2025-07-08,test,baseline,0.07799141,0.028395727
BTCUSDT,2025-07-09,test,baseline,0.06437703,0.022109315
BTCUSDT,2025-07-10,test,baseline,0.026938088,-0.00015948713
BTCUSDT,2025-07-11,test,baseline,0.0033737621,-0.026912525
BTCUSDT,2025-07-12,test,baseline,0.0035705215,-0.031609252
BTCUSDT,2025-07-13,test,baseline,-0.015413941,-0.031457067
BTCUSDT,2025-07-14,test,baseline,-0.020747764,-0.022308156
BTCUSDT,2025-07-15,test,baseline,0.018479401,0.0020634085
BTCUSDT,2025-07-16,test,baseline,0.0010578533,-0.008210227
BTCUSDT,2025-07-17,test,baseline,-0.007044279,-0.005432695
BTCUSDT,2025-07-18,test,baseline,-0.0026367607,0.013367161
BTCUSDT,2025-07-19,test,baseline,0.00067857146,0.024210796
BTCUSDT,2025-07-20,test,baseline,0.018172072,0.03489028
BTCUSDT,2025-07-21,test,baseline,0.0057930187,0.049270786
BTCUSDT,2025-07-22,test,baseline,-0.016844587,0.052382745
BTCUSDT,2025-07-23,test,baseline,-0.0077405656,0.055874623
BTCUSDT,2025-07-24,test,baseline,-0.022015875,0.050407104
BTCUSDT,2025-07-25,test,baseline,-0.037389815,0.035115287
BTCUSDT,2025-07-26,test,baseline,-0.04664121,0.03994409
BTCUSDT,2025-07-27,test,baseline,-0.044581074,0.04680784
BTCUSDT,2025-07-28,test,baseline,-0.025802085,0.034092113
BTCUSDT,2025-07-29,test,baseline,-0.03293129,0.022045568
BTCUSDT,2025-07-30,test,baseline,-0.02446541,0.00553675
BTCUSDT,2025-07-31,test,baseline,0.014645766,-0.009578407
BTCUSDT,2025-08-01,test,baseline,0.029369166,-0.028025314
BTCUSDT,2025-08-02,test,baseline,0.03420205,-0.031629577
BTCUSDT,2025-08-03,test,baseline,0.043562766,-0.03871183
BTCUSDT,2025-08-04,test,baseline,0.031070815,-0.041613773
BTCUSDT,2025-08-05,test,baseline,0.051272493,-0.054471374
BTCUSDT,2025-08-06,test,baseline,0.06980765,-0.05940877
BTCUSDT,2025-08-07,test,baseline,0.006982173,-0.052990332
BTCUSDT,2025-08-08,test,baseline,0.0057031107,-0.047118828
BTCUSDT,2025-08-09,test,baseline,0.007854972,-0.043760166
BTCUSDT,2025-08-10,test,baseline,-0.015961537,-0.035439625
BTCUSDT,2025-08-11,test,baseline,-0.020935744,-0.025150731
BTCUSDT,2025-08-12,test,baseline,-0.06234569,-0.020573422
BTCUSDT,2025-08-13,test,baseline,-0.07609764,-0.010518238
BTCUSDT,2025-08-14,test,baseline,-0.050229043,-0.0032456964
BTCUSDT,2025-08-15,test,baseline,-0.003466483,0.0023992509
BTCUSDT,2025-08-16,test,baseline,-0.016688135,0.00844717
BTCUSDT,2025-08-17,test,baseline,-0.03388322,0.005625814
BTCUSDT,2025-08-18,test,baseline,-0.054047756,-0.00325422
BTCUSDT,2025-08-19,test,baseline,-0.009880235,-0.0024422258
BTCUSDT,2025-08-20,test,baseline,-0.02668705,-0.015653193
BTCUSDT,2025-08-21,test,baseline,0.0005944899,-0.02985546
BTCUSDT,2025-08-22,test,baseline,-0.07600711,-0.04208748
BTCUSDT,2025-08-23,test,baseline,-0.059072606,-0.037479877
BTCUSDT,2025-08-24,test,baseline,-0.047336712,-0.04984568
BTCUSDT,2025-08-25,test,baseline,-0.007974169,-0.059431
BTCUSDT,2025-08-26,test,baseline,-0.004692407,-0.077289835
BTCUSDT,2025-08-27,test,baseline,0.0039799535,-0.09716426
BTCUSDT,2025-08-28,test,baseline,-0.016445048,-0.099335834
BTCUSDT,2025-08-29,test,baseline,0.020842766,-0.11744015
BTCUSDT,2025-08-30,test,baseline,0.012526311,-0.1296546
BTCUSDT,2025-08-31,test,baseline,0.026357086,-0.13805588
BTCUSDT,2025-09-01,test,baseline,0.025557434,-0.1382546
BTCUSDT,2025-09-02,test,baseline,0.0027504389,-0.10587375
BTCUSDT,2025-09-03,test,baseline,0.019979686,-0.07362831
BTCUSDT,2025-09-04,test,baseline,0.042017985,-0.052892134
BTCUSDT,2025-09-05,test,baseline,0.04738143,-0.05091645
BTCUSDT,2025-09-06,test,baseline,0.050697822,-0.054454535
BTCUSDT,2025-09-07,test,baseline,0.036493205,-0.03723848
BTCUSDT,2025-09-08,test,baseline,0.028887358,-0.011150569
BTCUSDT,2025-09-09,test,baseline,0.045927987,-0.0057920665
BTCUSDT,2025-09-10,test,baseline,0.02159379,0.005477473
BTCUSDT,2025-09-11,test,baseline,0.0136815505,0.013984099
BTCUSDT,2025-09-12,test,baseline,-0.0034277588,0.020407364
BTCUSDT,2025-09-13,test,baseline,-0.0020091203,0.015614852
BTCUSDT,2025-09-14,test,baseline,-0.00030993452,0.012963384
BTCUSDT,2025-09-15,test,baseline,-0.023674015,0.0050436705
BTCUSDT,2025-09-16,test,baseline,-0.041880388,-0.008226141
BTCUSDT,2025-09-17,test,baseline,-0.02734035,-0.011298969
BTCUSDT,2025-09-18,test,baseline,-0.07150487,-0.010181591
BTCUSDT,2025-09-19,test,baseline,-0.053182192,-0.0048164874
BTCUSDT,2025-09-20,test,baseline,-0.053712007,0.0002733022
BTCUSDT,2025-09-21,test,baseline,-0.026988365,-0.003031984
BTCUSDT,2025-09-22,test,baseline,0.014636748,-0.0062031597
BTCUSDT,2025-09-23,test,baseline,0.01813941,-0.0051636547
BTCUSDT,2025-09-24,test,baseline,0.045613293,-0.017874643
BTCUSDT,2025-09-25,test,baseline,0.10059596,-0.02317445
BTCUSDT,2025-09-26,test,baseline,0.10868705,-0.04182972
BTCUSDT,2025-09-27,test,baseline,0.110056415,-0.05443518
BTCUSDT,2025-09-28,test,baseline,0.096136265,-0.057658777
BTCUSDT,2025-09-29,test,baseline,0.086647116,-0.051116034
BTCUSDT,2025-09-30,test,baseline,0.061910853,-0.042920753
BTCUSDT,2025-10-01,test,baseline,0.038954828,-0.021550491
BTCUSDT,2025-10-02,test,baseline,0.009356704,-0.004645556
BTCUSDT,2025-10-03,test,baseline,-0.08053063,0.0060358793
BTCUSDT,2025-10-04,test,baseline,-0.10089938,0.012545124
BTCUSDT,2025-10-05,test,baseline,-0.071524106,0.015048951
BTCUSDT,2025-10-06,test,baseline,-0.079203755,0.022576794
BTCUSDT,2025-10-07,test,baseline,-0.0709016,0.041468933
BTCUSDT,2025-10-08,test,baseline,-0.10727376,0.02553846
BTCUSDT,2025-10-09,test,baseline,-0.1173215,0.049922183
BTCUSDT,2025-10-10,test,baseline,-0.057886973,0.096936196
BTCUSDT,2025-10-11,test,baseline,-0.031765047,0.091456816
BTCUSDT,2025-10-12,test,baseline,-0.056508552,0.050637245
BTCUSDT,2025-10-13,test,baseline,-0.04106868,0.03360401
BTCUSDT,2025-10-14,test,baseline,-0.042753175,0.030262455
BTCUSDT,2025-10-15,test,baseline,-0.029277312,0.003005445
BTCUSDT,2025-10-16,test,baseline,0.017262341,-0.026935771
BTCUSDT,2025-10-17,test,baseline,0.042070977,-0.07332672
BTCUSDT,2025-10-18,test,baseline,0.040779162,-0.12372227
BTCUSDT,2025-10-19,test,baseline,0.053028215,-0.15933456
BTCUSDT,2025-10-20,test,baseline,0.031836417,-0.1764159
BTCUSDT,2025-10-21,test,baseline,0.041605104,-0.18091129
BTCUSDT,2025-10-22,test,baseline,0.022555893,-0.17299502
BTCUSDT,2025-10-23,test,baseline,-0.016074443,-0.17570575
BTCUSDT,2025-10-24,test,baseline,-0.012663798,-0.16720356
BTCUSDT,2025-10-25,test,baseline,-0.013963783,-0.117336646
BTCUSDT,2025-10-26,test,baseline,-0.03570987,-0.066425756
BTCUSDT,2025-10-27,test,baseline,-0.0682179,-0.029338747
BTCUSDT,2025-10-28,test,baseline,-0.10645733,-0.0050618798
BTCUSDT,2025-10-29,test,baseline,-0.057387833,0.0036229044
BTCUSDT,2025-10-30,test,baseline,-0.066575594,0.014433295
BTCUSDT,2025-10-31,test,baseline,-0.058894835,0.028942913
BTCUSDT,2025-11-01,test,baseline,-0.07333563,0.035970733
BTCUSDT,2025-11-02,test,baseline,-0.054065213,0.031421438
BTCUSDT,2025-11-03,test,baseline,-0.005380311,0.024613872
BTCUSDT,2025-11-04,test,baseline,0.0152701335,0.024149671
BTCUSDT,2025-11-05,test,baseline,-0.02170753,-0.0060988367
BTCUSDT,2025-11-06,test,baseline,-0.016455166,-0.039296106
BTCUSDT,2025-11-07,test,baseline,-0.08842157,-0.09429301
BTCUSDT,2025-11-08,test,baseline,-0.06790267,-0.119137004
BTCUSDT,2025-11-09,test,baseline,-0.105246186,-0.14483307
BTCUSDT,2025-11-10,test,baseline,-0.13941976,-0.15400164
BTCUSDT,2025-11-11,test,baseline,-0.10312332,-0.14702572
BTCUSDT,2025-11-12,test,baseline,-0.10463908,-0.1425138
BTCUSDT,2025-11-13,test,baseline,-0.140356,-0.13796677
BTCUSDT,2025-11-14,test,baseline,-0.105421245,-0.11985411
BTCUSDT,2025-11-15,test,baseline,-0.120548815,-0.13303514
BTCUSDT,2025-11-16,test,baseline,-0.082120016,-0.13378851
BTCUSDT,2025-11-17,test,baseline,-0.043384105,-0.1330571
BTCUSDT,2025-11-18,test,baseline,-0.062026706,-0.13899685
BTCUSDT,2025-11-19,test,baseline,-0.011766187,-0.11981304
BTCUSDT,2025-11-20,test,baseline,0.05279294,-0.09243466
BTCUSDT,2025-11-21,test,baseline,0.06548488,-0.07416658
BTCUSDT,2025-11-22,test,baseline,0.06910148,-0.08139658
BTCUSDT,2025-11-23,test,baseline,0.03984951,-0.084223926
BTCUSDT,2025-11-24,test,baseline,-0.023072746,-0.094960734
BTCUSDT,2025-11-25,test,baseline,0.04375696,-0.10219903
BTCUSDT,2025-11-26,test,baseline,0.032038696,-0.11011918
BTCUSDT,2025-11-27,test,baseline,0.008114126,-0.110443965
BTCUSDT,2025-11-28,test,baseline,-0.01731986,-0.09247686
BTCUSDT,2025-11-29,test,baseline,-0.017392758,-0.06570348
BTCUSDT,2025-11-30,test,baseline,0.00039069392,-0.04619579
BTCUSDT,2025-12-01,test,baseline,0.049165692,-0.022175014
BTCUSDT,2025-12-02,test,baseline,0.015231271,-0.02955632
BTCUSDT,2025-12-03,test,baseline,-0.015256329,-0.011132464
BTCUSDT,2025-12-04,test,baseline,0.0047165873,0.060062386
BTCUSDT,2025-12-05,test,baseline,0.010449851,0.12014811
BTCUSDT,2025-12-06,test,baseline,0.0111795,0.14391936
BTCUSDT,2025-12-07,test,baseline,-0.024901005,0.12830569
BTCUSDT,2025-12-08,test,baseline,-0.047474265,0.1081958
BTCUSDT,2025-12-09,test,baseline,-0.05335619,0.07592502
BTCUSDT,2025-12-10,test,baseline,-0.064784184,0.048556156
BTCUSDT,2025-12-11,test,baseline,-0.078645,0.021154031
BTCUSDT,2025-12-12,test,baseline,-0.023895934,0.027676895
BTCUSDT,2025-12-13,test,baseline,-0.021043334,0.023440942
BTCUSDT,2025-12-14,test,baseline,0.005504591,0.027274594
BTCUSDT,2025-12-15,test,baseline,0.025007578,0.046859406
BTCUSDT,2025-12-16,test,baseline,-0.004304783,0.014693543
BTCUSDT,2025-12-17,test,baseline,0.016402047,-0.02273707
BTCUSDT,2025-12-18,test,baseline,0.019785795,-0.055968434
BTCUSDT,2025-12-19,test,baseline,-0.008744803,-0.06936011
BTCUSDT,2025-12-20,test,baseline,-0.005491341,-0.053374812
BTCUSDT,2025-12-21,test,baseline,-0.007996688,-0.04441069
BTCUSDT,2025-12-22,test,baseline,-0.015736436,-0.03845647
BTCUSDT,2025-12-23,test,baseline,0.011359803,-0.048668087
BTCUSDT,2025-12-24,test,baseline,-0.00024218894,-0.05517821
BTCUSDT,2024-01-01,val,regime,0.060843345,-0.018463105
BTCUSDT,2024-01-02,val,regime,0.02554783,-0.019058444
BTCUSDT,2024-01-03,val,regime,0.08516414,-0.01913859
BTCUSDT,2024-01-04,val,regime,0.04836955,-0.020460606
BTCUSDT,2024-01-05,val,regime,-0.031347647,-0.020884827
BTCUSDT,2024-01-06,val,regime,-0.025810638,-0.021932557
BTCUSDT,2024-01-07,val,regime,-0.051298544,-0.02219604
BTCUSDT,2024-01-08,val,regime,-0.09934014,-0.0229861
BTCUSDT,2024-01-09,val,regime,-0.06662673,-0.0257473
BTCUSDT,2024-01-10,val,regime,-0.08677892,-0.026700541
BTCUSDT,2024-01-11,val,regime,-0.114459254,-0.029246576
BTCUSDT,2024-01-12,val,regime,-0.026616365,-0.02760464
BTCUSDT,2024-01-13,val,regime,-0.027252575,-0.024701744
BTCUSDT,2024-01-14,val,regime,-0.0036493884,-0.020163745
BTCUSDT,2024-01-15,val,regime,-0.071744,-0.01602751
BTCUSDT,2024-01-16,val,regime,-0.07808695,-0.01275865
BTCUSDT,2024-01-17,val,regime,-0.06498033,-0.010120049
BTCUSDT,2024-01-18,val,regime,-0.033621907,-0.008677267
BTCUSDT,2024-01-19,val,regime,0.0039404696,-0.007142231
BTCUSDT,2024-01-20,val,regime,0.010131484,-0.006168559
BTCUSDT,2024-01-21,val,regime,0.0107816495,-0.005515553
BTCUSDT,2024-01-22,val,regime,0.09019377,-0.005834326
BTCUSDT,2024-01-23,val,regime,0.07351324,-0.005550593
BTCUSDT,2024-01-24,val,regime,0.060385454,-0.005449854
BTCUSDT,2024-01-25,val,regime,0.07522087,-0.0056544393
BTCUSDT,2024-01-26,val,regime,0.032381874,-0.004446961
BTCUSDT,2024-01-27,val,regime,0.020920346,-0.0047924146
BTCUSDT,2024-01-28,val,regime,0.013043426,-0.0059498176
BTCUSDT,2024-01-29,val,regime,-0.013812342,-0.0072016567
BTCUSDT,2024-01-30,val,regime,0.0036692256,-0.010139108
BTCUSDT,2024-01-31,val,regime,0.04071903,-0.013450123
BTCUSDT,2024-02-01,val,regime,0.049929354,-0.014316678
BTCUSDT,2024-02-02,val,regime,0.08712802,-0.013343632
BTCUSDT,2024-02-03,val,regime,0.1045439,-0.012755379
BTCUSDT,2024-02-04,val,regime,0.12597907,-0.012347713
BTCUSDT,2024-02-05,val,regime,0.15596439,-0.011626445
BTCUSDT,2024-02-06,val,regime,0.14249805,-0.0103627965
BTCUSDT,2024-02-07,val,regime,0.15519321,-0.009771168
BTCUSDT,2024-02-08,val,regime,0.13587691,-0.011798799
BTCUSDT,2024-02-09,val,regime,0.100659095,-0.014012001
BTCUSDT,2024-02-10,val,regime,0.07834579,-0.016030148
BTCUSDT,2024-02-11,val,regime,0.07645637,-0.01849804
BTCUSDT,2024-02-12,val,regime,0.03653516,-0.020195052
BTCUSDT,2024-02-13,val,regime,0.050211996,-0.022939563
BTCUSDT,2024-02-14,val,regime,0.0010462683,-0.02450046
BTCUSDT,2024-02-15,val,regime,-0.011468364,-0.02684895
BTCUSDT,2024-02-16,val,regime,-0.026831266,-0.029152855
BTCUSDT,2024-02-17,val,regime,-0.0014420965,-0.030809335
BTCUSDT,2024-02-18,val,regime,-0.007872067,-0.031308368
BTCUSDT,2024-02-19,val,regime,0.050866675,-0.03133689
BTCUSDT,2024-02-20,val,regime,0.08749746,-0.031550415
BTCUSDT,2024-02-21,val,regime,0.1857364,-0.03232216
BTCUSDT,2024-02-22,val,regime,0.17555378,-0.03353949
BTCUSDT,2024-02-23,val,regime,0.206575,-0.03397827
BTCUSDT,2024-02-24,val,regime,0.18402362,-0.03430374
BTCUSDT,2024-02-25,val,regime,0.1989265,-0.034687474
BTCUSDT,2024-02-26,val,regime,0.22534572,-0.038172647
BTCUSDT,2024-02-27,val,regime,0.110855274,-0.044487968
BTCUSDT,2024-02-28,val,regime,0.056696367,-0.047203526
BTCUSDT,2024-02-29,val,regime,0.0890311,-0.051321954
BTCUSDT,2024-03-01,val,regime,0.08796102,-0.055109873
BTCUSDT,2024-03-02,val,regime,0.09717484,-0.055865362
BTCUSDT,2024-03-03,val,regime,0.08852474,-0.056035623
BTCUSDT,2024-03-04,val,regime,0.054635677,-0.0562526
BTCUSDT,2024-03-05,val,regime,0.11446462,-0.055476025
BTCUSDT,2024-03-06,val,regime,0.100674935,-0.05973628
BTCUSDT,2024-03-07,val,regime,0.06609308,-0.060809784
BTCUSDT,2024-03-08,val,regime,0.01999223,-0.061692163
BTCUSDT,2024-03-09,val,regime,-0.045102354,-0.06022965
BTCUSDT,2024-03-10,val,regime,-0.008189381,-0.058367044
BTCUSDT,2024-03-11,val,regime,-0.0639945,-0.06024727
BTCUSDT,2024-03-12,val,regime,-0.14290184,-0.06116229
BTCUSDT,2024-03-13,val,regime,-0.074291356,-0.06615293
BTCUSDT,2024-03-14,val,regime,-0.08607342,-0.06914683
BTCUSDT,2024-03-15,val,regime,-0.08562407,-0.06995586
BTCUSDT,2024-03-16,val,regime,-0.020274706,-0.06634649
BTCUSDT,2024-03-17,val,regime,-0.017455602,-0.06533081
BTCUSDT,2024-03-18,val,regime,0.033023875,-0.06231658
BTCUSDT,2024-03-19,val,regime,0.1221996,-0.05198112
BTCUSDT,2024-03-20,val,regime,0.023735352,-0.048375808
BTCUSDT,2024-03-21,val,regime,0.07751542,-0.042580068
BTCUSDT,2024-03-22,val,regime,0.090657294,-0.03723462
BTCUSDT,2024-03-23,val,regime,0.083781525,-0.03396657
BTCUSDT,2024-03-24,val,regime,0.058794025,-0.03291066
BTCUSDT,2024-03-25,val,regime,-0.0032997997,-0.035697997
BTCUSDT,2024-03-26,val,regime,-0.06682358,-0.04049582
BTCUSDT,2024-03-27,val,regime,-0.051796637,-0.046593577
BTCUSDT,2024-03-28,val,regime,-0.03292947,-0.05253227
BTCUSDT,2024-03-29,val,regime,-0.029491538,-0.055753544
BTCUSDT,2024-03-30,val,regime,-0.009910379,-0.057908066
BTCUSDT,2024-03-31,val,regime,-0.027299969,-0.059618562
BTCUSDT,2024-04-01,val,regime,0.027894536,-0.059176907
BTCUSDT,2024-04-02,val,regime,0.054719992,-0.054184318
BTCUSDT,2024-04-03,val,regime,0.06837205,-0.050231904
BTCUSDT,2024-04-04,val,regime,0.021928757,-0.048643425
BTCUSDT,2024-04-05,val,regime,-0.0104360655,-0.046297595
BTCUSDT,2024-04-06,val,regime,-0.07489526,-0.046570696
BTCUSDT,2024-04-07,val,regime,-0.054798022,-0.04850635
BTCUSDT,2024-04-08,val,regime,-0.121595256,-0.054011166
BTCUSDT,2024-04-09,val,regime,-0.08057063,-0.055785634
BTCUSDT,2024-04-10,val,regime,-0.14205967,-0.058588274
BTCUSDT,2024-04-11,val,regime,-0.09801562,-0.06074143
BTCUSDT,2024-04-12,val,regime,-0.050394773,-0.057804342
BTCUSDT,2024-04-13,val,regime,0.015769996,-0.05024506
BTCUSDT,2024-04-14,val,regime,-0.011036459,-0.04455428
BTCUSDT,2024-04-15,val,regime,0.052213147,-0.039866515
BTCUSDT,2024-04-16,val,regime,0.040258296,-0.036440186
BTCUSDT,2024-04-17,val,regime,0.047987115,-0.0326991
BTCUSDT,2024-04-18,val,regime,0.016070873,-0.03161422
BTCUSDT,2024-04-19,val,regime,-0.0007524218,-0.032534897
BTCUSDT,2024-04-20,val,regime,-0.023031866,-0.035467714
BTCUSDT,2024-04-21,val,regime,-0.028465662,-0.03897819
BTCUSDT,2024-04-22,val,regime,-0.045205124,-0.043172687
BTCUSDT,2024-04-23,val,regime,-0.09042557,-0.04847472
BTCUSDT,2024-04-24,val,regime,-0.09668184,-0.052754097
BTCUSDT,2024-04-25,val,regime,-0.08807528,-0.054387808
BTCUSDT,2024-04-26,val,regime,-0.0140229035,-0.054747455
BTCUSDT,2024-04-27,val,regime,0.0067537976,-0.05266112
BTCUSDT,2024-04-28,val,regime,0.014054753,-0.051304236
BTCUSDT,2024-04-29,val,regime,-0.01103378,-0.049612768
BTCUSDT,2024-04-30,val,regime,0.026673,-0.045392767
BTCUSDT,2024-05-01,val,regime,0.04731741,-0.0382467
BTCUSDT,2024-05-02,val,regime,0.065744594,-0.03347546
BTCUSDT,2024-05-03,val,regime,-0.03367049,-0.03173779
BTCUSDT,2024-05-04,val,regime,-0.04917762,-0.03488536
BTCUSDT,2024-05-05,val,regime,-0.04029375,-0.03990622
BTCUSDT,2024-05-06,val,regime,-0.0035701955,-0.045449972
BTCUSDT,2024-05-07,val,regime,-0.011858926,-0.049378462
BTCUSDT,2024-05-08,val,regime,0.07874535,-0.050126284
BTCUSDT,2024-05-09,val,regime,0.033690557,-0.050496846
BTCUSDT,2024-05-10,val,regime,0.09746114,-0.049297914
BTCUSDT,2024-05-11,val,regime,0.09540898,-0.047625013
BTCUSDT,2024-05-12,val,regime,0.075021,-0.046623603
BTCUSDT,2024-05-13,val,regime,0.12676744,-0.04809895
BTCUSDT,2024-05-14,val,regime,0.13031577,-0.049022697
BTCUSDT,2024-05-15,val,regime,0.043739732,-0.05309713
BTCUSDT,2024-05-16,val,regime,0.041061927,-0.05722812
BTCUSDT,2024-05-17,val,regime,0.022512496,-0.062768735
BTCUSDT,2024-05-18,val,regime,0.034882676,-0.06680271
BTCUSDT,2024-05-19,val,regime,0.033147894,-0.06939855
BTCUSDT,2024-05-20,val,regime,-0.02853894,-0.071992
BTCUSDT,2024-05-21,val,regime,-0.025262857,-0.07270476
BTCUSDT,2024-05-22,val,regime,-0.02213525,-0.07276764
BTCUSDT,2024-05-23,val,regime,0.005612029,-0.071808316
BTCUSDT,2024-05-24,val,regime,-0.014843097,-0.07041255
BTCUSDT,2024-05-25,val,regime,-0.022235684,-0.06942552
BTCUSDT,2024-05-26,val,regime,-0.010890575,-0.06680917
BTCUSDT,2024-05-27,val,regime,-0.009064028,-0.06671162
BTCUSDT,2024-05-28,val,regime,0.030800017,-0.06427376
BTCUSDT,2024-05-29,val,regime,0.04981672,-0.061544918
BTCUSDT,2024-05-30,val,regime,0.035172414,-0.061318114
BTCUSDT,2024-05-31,val,regime,0.02652673,-0.058587275
BTCUSDT,2024-06-01,val,regime,0.022522695,-0.05596973
BTCUSDT,2024-06-02,val,regime,0.02740086,-0.054143466
BTCUSDT,2024-06-03,val,regime,0.010554496,-0.057324216
BTCUSDT,2024-06-04,val,regime,-0.046777498,-0.065314494
BTCUSDT,2024-06-05,val,regime,-0.040817454,-0.074500985
BTCUSDT,2024-06-06,val,regime,-0.058546767,-0.07966178
BTCUSDT,2024-06-07,val,regime,-0.048925858,-0.080266714
BTCUSDT,2024-06-08,val,regime,-0.045488723,-0.078325935
BTCUSDT,2024-06-09,val,regime,-0.043597877,-0.07650968
BTCUSDT,2024-06-10,val,regime,-0.04463507,-0.075088784
BTCUSDT,2024-06-11,val,regime,-0.032290936,-0.06939058
BTCUSDT,2024-06-12,val,regime,-0.04938951,-0.06653656
BTCUSDT,2024-06-13,val,regime,-0.028913844,-0.061298065
BTCUSDT,2024-06-14,val,regime,-0.029197339,-0.05656366
BTCUSDT,2024-06-15,val,regime,-0.030138476,-0.052883327
BTCUSDT,2024-06-16,val,regime,-0.053395443,-0.051152535
BTCUSDT,2024-06-17,val,regime,-0.09804607,-0.050540186
BTCUSDT,2024-06-18,val,regime,-0.05308026,-0.050078876
BTCUSDT,2024-06-19,val,regime,-0.06533475,-0.050863266
BTCUSDT,2024-06-20,val,regime,-0.049996324,-0.052014984
BTCUSDT,2024-06-21,val,regime,-0.05967377,-0.05174584
BTCUSDT,2024-06-22,val,regime,-0.052313153,-0.051363423
BTCUSDT,2024-06-23,val,regime,-0.006953401,-0.050507873
BTCUSDT,2024-06-24,val,regime,0.04232502,-0.04695397
BTCUSDT,2024-06-25,val,regime,0.0053163925,-0.043816045
BTCUSDT,2024-06-26,val,regime,-0.010843266,-0.04274328
BTCUSDT,2024-06-27,val,regime,-0.07846054,-0.0423723
BTCUSDT,2024-06-28,val,regime,-0.06493241,-0.042892322
BTCUSDT,2024-06-29,val,regime,-0.04625256,-0.043135703
BTCUSDT,2024-06-30,val,regime,-0.11669992,-0.04410851
BTCUSDT,2024-07-01,val,regime,-0.10351398,-0.047650658
BTCUSDT,2024-07-02,val,regime,-0.06801229,-0.05101393
BTCUSDT,2024-07-03,val,regime,-0.042109787,-0.05118058
BTCUSDT,2024-07-04,val,regime,0.0050682905,-0.0471194
BTCUSDT,2024-07-05,val,regime,0.022011599,-0.0408099
BTCUSDT,2024-07-06,val,regime,0.016586527,-0.03633496
BTCUSDT,2024-07-07,val,regime,0.084746055,-0.03492336
BTCUSDT,2024-07-08,val,regime,0.1321022,-0.03352979
BTCUSDT,2024-07-09,val,regime,0.1137591,-0.033132337
BTCUSDT,2024-07-10,val,regime,0.104551904,-0.034943923
BTCUSDT,2024-07-11,val,regime,0.109697774,-0.037357695
BTCUSDT,2024-07-12,val,regime,0.14107597,-0.038584538
BTCUSDT,2024-07-13,val,regime,0.12578996,-0.040273294
BTCUSDT,2024-07-14,val,regime,0.114380814,-0.043742396
BTCUSDT,2024-07-15,val,regime,0.042467467,-0.049518168
BTCUSDT,2024-07-16,val,regime,0.013620916,-0.056937657
BTCUSDT,2024-07-17,val,regime,0.019898236,-0.06310557
BTCUSDT,2024-07-18,val,regime,0.027924763,-0.06602268
BTCUSDT,2024-07-19,val,regime,0.018548628,-0.06944567
BTCUSDT,2024-07-20,val,regime,0.011205091,-0.07011281
BTCUSDT,2024-07-21,val,regime,0.0012394513,-0.06972542
BTCUSDT,2024-07-22,val,regime,-0.011127845,-0.06837967
BTCUSDT,2024-07-23,val,regime,0.0038144514,-0.06717496
BTCUSDT,2024-07-24,val,regime,-0.0115074655,-0.065546304
BTCUSDT,2024-07-25,val,regime,-0.0068001254,-0.063371204
BTCUSDT,2024-07-26,val,regime,-0.099143684,-0.06481915
BTCUSDT,2024-07-27,val,regime,-0.112073906,-0.065295294
BTCUSDT,2024-07-28,val,regime,-0.15996064,-0.0658897
BTCUSDT,2024-07-29,val,regime,-0.21214154,-0.06794502
BTCUSDT,2024-07-30,val,regime,-0.16675453,-0.0662026
BTCUSDT,2024-07-31,val,regime,-0.15887827,-0.061922237
BTCUSDT,2024-08-01,val,regime,-0.057762116,-0.055709183
BTCUSDT,2024-08-02,val,regime,-0.0107955905,-0.048111767
BTCUSDT,2024-08-03,val,regime,0.003708559,-0.041922987
BTCUSDT,2024-08-04,val,regime,0.009439157,-0.036655292
BTCUSDT,2024-08-05,val,regime,0.094063185,-0.031446025
BTCUSDT,2024-08-06,val,regime,0.078338176,-0.02802337
BTCUSDT,2024-08-07,val,regime,0.062387235,-0.02635245
BTCUSDT,2024-08-08,val,regime,-0.06955806,-0.02286689
BTCUSDT,2024-08-09,val,regime,-0.03280467,-0.023853466
BTCUSDT,2024-08-10,val,regime,-0.02377746,-0.026808396
BTCUSDT,2024-08-11,val,regime,-0.0048700823,-0.029633947
BTCUSDT,2024-08-12,val,regime,0.0015466585,-0.031736463
BTCUSDT,2024-08-13,val,regime,-0.02631151,-0.03377396
BTCUSDT,2024-08-14,val,regime,0.041271746,-0.035879605
BTCUSDT,2024-08-15,val,regime,0.048090246,-0.03624077
BTCUSDT,2024-08-16,val,regime,0.08405503,-0.0370059
BTCUSDT,2024-08-17,val,regime,0.07549168,-0.03727959
BTCUSDT,2024-08-18,val,regime,0.09453059,-0.03769663
BTCUSDT,2024-08-19,val,regime,0.055554163,-0.036614016
BTCUSDT,2024-08-20,val,regime,0.006775405,-0.036948174
BTCUSDT,2024-08-21,val,regime,-0.035299674,-0.03999737
BTCUSDT,2024-08-22,val,regime,-0.016985103,-0.04262291
BTCUSDT,2024-08-23,val,regime,-0.079828024,-0.050962538
BTCUSDT,2024-08-24,val,regime,-0.08423686,-0.055885762
BTCUSDT,2024-08-25,val,regime,-0.113981605,-0.058253378
BTCUSDT,2024-08-26,val,regime,-0.060721897,-0.057772502
BTCUSDT,2024-08-27,val,regime,-0.032975186,-0.052692086
BTCUSDT,2024-08-28,val,regime,-0.018187635,-0.0474888
BTCUSDT,2024-08-29,val,regime,-0.055043098,-0.04320216
BTCUSDT,2024-08-30,val,regime,-0.091338694,-0.037783086
BTCUSDT,2024-08-31,val,regime,-0.08513799,-0.033703282
BTCUSDT,2024-09-01,val,regime,-0.043367244,-0.028584063
BTCUSDT,2024-09-02,val,regime,-0.03598659,-0.027046882
BTCUSDT,2024-09-03,val,regime,0.0025756652,-0.024595916
BTCUSDT,2024-09-04,val,regime,-0.01097758,-0.02339837
BTCUSDT,2024-09-05,val,regime,0.03416097,-0.0228419
BTCUSDT,2024-09-06,val,regime,0.11431224,-0.021750621
BTCUSDT,2024-09-07,val,regime,0.10226988,-0.021861017
BTCUSDT,2024-09-08,val,regime,0.07480639,-0.021674313
BTCUSDT,2024-09-09,val,regime,0.020337865,-0.02262602
BTCUSDT,2024-09-10,val,regime,0.045416884,-0.026073337
BTCUSDT,2024-09-11,val,regime,0.07429216,-0.029657066
BTCUSDT,2024-09-12,val,regime,0.079587035,-0.03493686
BTCUSDT,2024-09-13,val,regime,0.043710608,-0.040751457
BTCUSDT,2024-09-14,val,regime,0.0544301,-0.046998195
BTCUSDT,2024-09-15,val,regime,0.07250722,-0.050994635
BTCUSDT,2024-09-16,val,regime,0.08439118,-0.052412443
BTCUSDT,2024-09-17,val,regime,0.06341529,-0.05452138
BTCUSDT,2024-09-18,val,regime,0.022288933,-0.05601865
BTCUSDT,2024-09-19,val,regime,0.03475163,-0.058525436
BTCUSDT,2024-09-20,val,regime,0.039842132,-0.059782665
BTCUSDT,2024-09-21,val,regime,0.038842417,-0.059686124
BTCUSDT,2024-09-22,val,regime,0.031326883,-0.059867486
BTCUSDT,2024-09-23,val,regime,-0.00019578806,-0.060793504
BTCUSDT,2024-09-24,val,regime,-0.05529452,-0.061524168
BTCUSDT,2024-09-25,val,regime,-0.040436912,-0.06145093
BTCUSDT,2024-09-26,val,regime,-0.070248775,-0.062956005
BTCUSDT,2024-09-27,val,regime,-0.057642527,-0.065517746
BTCUSDT,2024-09-28,val,regime,-0.05943148,-0.06765381
BTCUSDT,2024-09-29,val,regime,-0.043334275,-0.06893099
BTCUSDT,2024-09-30,val,regime,-0.017580317,-0.06651953
BTCUSDT,2024-10-01,val,regime,0.022034738,-0.059508063
BTCUSDT,2024-10-02,val,regime,-0.000218658,-0.052154854
BTCUSDT,2024-10-03,val,regime,-0.0070420373,-0.045821764
BTCUSDT,2024-10-04,val,regime,0.0072858315,-0.043028697
BTCUSDT,2024-10-05,val,regime,0.018333282,-0.04252021
BTCUSDT,2024-10-06,val,regime,0.00079735904,-0.044125304
BTCUSDT,2024-10-07,val,regime,0.06018573,-0.047060482
BTCUSDT,2024-10-08,val,regime,0.07607899,-0.04899095
BTCUSDT,2024-10-09,val,regime,0.10901484,-0.049058132
BTCUSDT,2024-10-10,val,regime,0.111198455,-0.04733499
BTCUSDT,2024-10-11,val,regime,0.089975744,-0.047305644
BTCUSDT,2024-10-12,val,regime,0.07864842,-0.05068454
BTCUSDT,2024-10-13,val,regime,0.0935006,-0.055156328
BTCUSDT,2024-10-14,val,regime,0.019384626,-0.06348196
BTCUSDT,2024-10-15,val,regime,0.0052321255,-0.07141609
BTCUSDT,2024-10-16,val,regime,-0.014169117,-0.07714586
BTCUSDT,2024-10-17,val,regime,0.011451233,-0.07924019
BTCUSDT,2024-10-18,val,regime,-0.025602182,-0.08075508
BTCUSDT,2024-10-19,val,regime,-0.018974995,-0.0805863
BTCUSDT,2024-10-20,val,regime,-0.014743248,-0.08045081
BTCUSDT,2024-10-21,val,regime,0.037644103,-0.07934557
BTCUSDT,2024-10-22,val,regime,0.07581152,-0.07764165
BTCUSDT,2024-10-23,val,regime,0.08170792,-0.07446804
BTCUSDT,2024-10-24,val,regime,0.030238792,-0.07347055
BTCUSDT,2024-10-25,val,regime,0.041089427,-0.070931524
BTCUSDT,2024-10-26,val,regime,0.033446684,-0.069006756
BTCUSDT,2024-10-27,val,regime,0.011027929,-0.06850162
BTCUSDT,2024-10-28,val,regime,-0.030655706,-0.07342479
BTCUSDT,2024-10-29,val,regime,-0.04735875,-0.08293333
BTCUSDT,2024-10-30,val,regime,0.043642964,-0.088384226
BTCUSDT,2024-10-31,val,regime,0.076203585,-0.08946501
BTCUSDT,2024-11-01,val,regime,0.096149236,-0.08872383
BTCUSDT,2024-11-02,val,regime,0.10008497,-0.085810676
BTCUSDT,2024-11-03,val,regime,0.1557864,-0.08151575
BTCUSDT,2024-11-04,val,regime,0.26737383,-0.076895505
BTCUSDT,2024-11-05,val,regime,0.23730785,-0.07487662
BTCUSDT,2024-11-06,val,regime,0.17888418,-0.08112685
BTCUSDT,2024-11-07,val,regime,0.14078182,-0.08657174
BTCUSDT,2024-11-08,val,regime,0.17379329,-0.09063423
BTCUSDT,2024-11-09,val,regime,0.16670203,-0.091807604
BTCUSDT,2024-11-10,val,regime,0.111567184,-0.095279835
BTCUSDT,2024-11-11,val,regime,0.020279506,-0.09929152
BTCUSDT,2024-11-12,val,regime,0.048369713,-0.09898189
BTCUSDT,2024-11-13,val,regime,0.042368762,-0.10078633
BTCUSDT,2024-11-14,val,regime,0.11855463,-0.098324604
BTCUSDT,2024-11-15,val,regime,0.08281648,-0.09785586
BTCUSDT,2024-11-16,val,regime,0.07530919,-0.094329044
BTCUSDT,2024-11-17,val,regime,0.08573868,-0.09039979
BTCUSDT,2024-11-18,val,regime,0.027754257,-0.08834351
BTCUSDT,2024-11-19,val,regime,-0.0037512265,-0.08751885
BTCUSDT,2024-11-20,val,regime,0.01658258,-0.08896754
BTCUSDT,2024-11-21,val,regime,-0.027565416,-0.0929647
BTCUSDT,2024-11-22,val,regime,-0.014586308,-0.094363324
BTCUSDT,2024-11-23,val,regime,-0.0130299395,-0.09501538
BTCUSDT,2024-11-24,val,regime,-0.0073287273,-0.09658785
BTCUSDT,2024-11-25,val,regime,0.029979482,-0.09808579
BTCUSDT,2024-11-26,val,regime,0.041371424,-0.09952339
BTCUSDT,2024-11-27,val,regime,0.028021416,-0.10294971
BTCUSDT,2024-11-28,val,regime,0.01351755,-0.10352862
BTCUSDT,2024-11-29,val,regime,0.023133185,-0.10576897
BTCUSDT,2024-11-30,val,regime,0.034899592,-0.10602276
BTCUSDT,2024-12-01,val,regime,0.03958675,-0.10661944
BTCUSDT,2024-12-02,val,regime,0.014870527,-0.10542784
BTCUSDT,2024-12-03,val,regime,0.0077250395,-0.10312543
BTCUSDT,2024-12-04,val,regime,0.025414722,-0.10576004
BTCUSDT,2024-12-05,val,regime,0.03106278,-0.10847838
BTCUSDT,2024-12-06,val,regime,0.016736992,-0.11497974
BTCUSDT,2024-12-07,val,regime,0.015781637,-0.11880803
BTCUSDT,2024-12-08,val,regime,0.03263744,-0.12118888
BTCUSDT,2024-12-09,val,regime,0.086435206,-0.11735636
BTCUSDT,2024-12-10,val,regime,0.09419372,-0.11200711
BTCUSDT,2024-12-11,val,regime,-0.009149168,-0.11471419
BTCUSDT,2024-12-12,val,regime,-0.025751963,-0.117315345
BTCUSDT,2024-12-13,val,regime,-0.036332015,-0.11971541
BTCUSDT,2024-12-14,val,regime,-0.041553646,-0.1216033
BTCUSDT,2024-12-15,val,regime,-0.09300671,-0.12469944
BTCUSDT,2024-12-16,val,regime,-0.11136391,-0.12763004
BTCUSDT,2024-12-17,val,regime,-0.072984114,-0.12912008
BTCUSDT,2024-12-18,val,regime,-0.007758352,-0.1256289
BTCUSDT,2024-12-19,val,regime,-0.017286124,-0.119720064
BTCUSDT,2024-12-20,val,regime,-0.036509298,-0.11244576
BTCUSDT,2024-12-21,val,regime,-0.020686852,-0.1086687
BTCUSDT,2024-12-22,val,regime,-0.015329919,-0.10396663
BTCUSDT,2024-12-23,val,regime,-0.02226746,-0.10032555
BTCUSDT,2024-12-24,val,regime,-0.05294194,-0.099197015
BTCUSDT,2025-01-01,test,regime,0.0049440023,0.0017903
BTCUSDT,2025-01-02,test,regime,-0.04677822,0.0010449588
BTCUSDT,2025-01-03,test,regime,-0.035753574,-0.00030228496
BTCUSDT,2025-01-04,test,regime,-0.03755758,-0.0012756288
BTCUSDT,2025-01-05,test,regime,-0.03959437,-0.0015611202
BTCUSDT,2025-01-06,test,regime,-0.07829818,-0.001428619
BTCUSDT,2025-01-07,test,regime,-0.0040694475,-0.0022760332
BTCUSDT,2025-01-08,test,regime,0.05561667,-0.0019479841
BTCUSDT,2025-01-09,test,regime,0.07726724,-0.0010989457
BTCUSDT,2025-01-10,test,regime,0.094145946,-2.4586916e-06
BTCUSDT,2025-01-11,test,regime,0.100067645,0.00063735247
BTCUSDT,2025-01-12,test,regime,0.06932147,0.0011361241
BTCUSDT,2025-01-13,test,regime,0.07853691,0.0011178702
BTCUSDT,2025-01-14,test,regime,0.09462149,0.0011007637
BTCUSDT,2025-01-15,test,regime,0.03143498,0.000634104
BTCUSDT,2025-01-16,test,regime,0.038485233,-0.00080674887
BTCUSDT,2025-01-17,test,regime,0.007590634,-0.0014339983
BTCUSDT,2025-01-18,test,regime,0.0018214739,-0.0019266009
BTCUSDT,2025-01-19,test,regime,0.012634834,-0.0026584566
BTCUSDT,2025-01-20,test,regime,-0.0017341449,-0.0034457296
BTCUSDT,2025-01-21,test,regime,-0.046357974,-0.0029042363
BTCUSDT,2025-01-22,test,regime,0.000256267,-0.0024199039
BTCUSDT,2025-01-23,test,regime,0.007789784,-0.0010948181
BTCUSDT,2025-01-24,test,regime,-0.023550913,0.00043815374
BTCUSDT,2025-01-25,test,regime,-0.04003992,0.0017338544
BTCUSDT,2025-01-26,test,regime,-0.049125247,0.002437219
BTCUSDT,2025-01-27,test,regime,-0.007416631,0.0029518306
BTCUSDT,2025-01-28,test,regime,-0.03588948,0.0038741976
BTCUSDT,2025-01-29,test,regime,-0.071115196,0.0042233616
BTCUSDT,2025-01-30,test,regime,-0.08121213,0.002877459
BTCUSDT,2025-01-31,test,regime,-0.05956187,0.002109453
BTCUSDT,2025-02-01,test,regime,-0.042536367,0.0032301247
BTCUSDT,2025-02-02,test,regime,-0.012750674,0.0049877614
BTCUSDT,2025-02-03,test,regime,-0.039225325,0.0051238686
BTCUSDT,2025-02-04,test,regime,-0.02051241,0.005955845
BTCUSDT,2025-02-05,test,regime,0.012932558,0.0058891624
BTCUSDT,2025-02-06,test,regime,0.00055694045,0.0056370795
BTCUSDT,2025-02-07,test,regime,0.010243829,0.0051000267
BTCUSDT,2025-02-08,test,regime,0.011596383,0.004689142
BTCUSDT,2025-02-09,test,regime,-0.0035790717,0.0042925775
BTCUSDT,2025-02-10,test,regime,-0.017088693,0.0038864315
BTCUSDT,2025-02-11,test,regime,-0.0011121447,0.0036146492
BTCUSDT,2025-02-12,test,regime,-0.012602013,0.0036730468
BTCUSDT,2025-02-13,test,regime,0.017411888,0.003812939
BTCUSDT,2025-02-14,test,regime,-0.013615279,0.003818497
BTCUSDT,2025-02-15,test,regime,-0.010495115,0.0034375638
BTCUSDT,2025-02-16,test,regime,0.0014542348,0.0036299378
BTCUSDT,2025-02-17,test,regime,-0.045137167,0.004871309
BTCUSDT,2025-02-18,test,regime,-0.07588406,0.006804779
BTCUSDT,2025-02-19,test,regime,-0.13724832,0.007513419
BTCUSDT,2025-02-20,test,regime,-0.148858,0.0061243176
BTCUSDT,2025-02-21,test,regime,-0.13126792,0.00462918
BTCUSDT,2025-02-22,test,regime,-0.114974104,0.004492268
BTCUSDT,2025-02-23,test,regime,-0.020869082,0.005235061
BTCUSDT,2025-02-24,test,regime,-0.060007483,0.007920489
BTCUSDT,2025-02-25,test,regime,-0.01589487,0.01006332
BTCUSDT,2025-02-26,test,regime,0.07273091,0.010557547
BTCUSDT,2025-02-27,test,regime,0.05983571,0.009182259
BTCUSDT,2025-02-28,test,regime,0.028652685,0.0068164915
BTCUSDT,2025-03-01,test,regime,0.0018332208,0.0054434985
BTCUSDT,2025-03-02,test,regime,-0.15499862,0.0045351535
BTCUSDT,2025-03-03,test,regime,-0.09259022,0.0033152848
BTCUSDT,2025-03-04,test,regime,-0.051111095,0.0021251887
BTCUSDT,2025-03-05,test,regime,-0.079519115,0.0016209036
BTCUSDT,2025-03-06,test,regime,-0.10317509,0.0012999326
BTCUSDT,2025-03-07,test,regime,-0.033010002,0.0005930513
BTCUSDT,2025-03-08,test,regime,-0.022092832,0.0006171316
BTCUSDT,2025-03-09,test,regime,0.022536896,0.0014245063
BTCUSDT,2025-03-10,test,regime,0.06661717,0.0020843595
BTCUSDT,2025-03-11,test,regime,-0.0026316056,0.0020235777
BTCUSDT,2025-03-12,test,regime,0.03713431,0.0017912239
BTCUSDT,2025-03-13,test,regime,0.037595157,0.001967147
BTCUSDT,2025-03-14,test,regime,0.0012564856,0.0020136684
BTCUSDT,2025-03-15,test,regime,-0.005920494,0.0014397055
BTCUSDT,2025-03-16,test,regime,0.041604858,0.0010625571
BTCUSDT,2025-03-17,test,regime,0.040681567,0.00035887957
BTCUSDT,2025-03-18,test,regime,0.055012375,-0.0008624792
BTCUSDT,2025-03-19,test,regime,0.00072780595,-0.0021863729
BTCUSDT,2025-03-20,test,regime,0.035098676,-0.004744187
BTCUSDT,2025-03-21,test,regime,0.003982958,-0.006756857
BTCUSDT,2025-03-22,test,regime,-0.014320099,-0.00789769
BTCUSDT,2025-03-23,test,regime,-0.04384219,-0.00842464
BTCUSDT,2025-03-24,test,regime,-0.058213472,-0.010131463
BTCUSDT,2025-03-25,test,regime,-0.025901353,-0.012166187
BTCUSDT,2025-03-26,test,regime,-0.05186782,-0.013475463
BTCUSDT,2025-03-27,test,regime,-0.047166683,-0.013207272
BTCUSDT,2025-03-28,test,regime,-0.0063513555,-0.0132715255
BTCUSDT,2025-03-29,test,regime,0.0107043395,-0.011481196
BTCUSDT,2025-03-30,test,regime,-0.049257442,-0.008529097
BTCUSDT,2025-03-31,test,regime,-0.04189224,-0.0060971826
BTCUSDT,2025-04-01,test,regime,-0.10954561,-0.004390493
BTCUSDT,2025-04-02,test,regime,0.0011981967,-0.004175544
BTCUSDT,2025-04-03,test,regime,-0.04429887,-0.0031498224
BTCUSDT,2025-04-04,test,regime,-0.0055707474,-0.0025070906
BTCUSDT,2025-04-05,test,regime,0.02060211,-0.0018833578
BTCUSDT,2025-04-06,test,regime,0.06574906,-0.00079226494
BTCUSDT,2025-04-07,test,regime,0.066322684,0.00023145974
BTCUSDT,2025-04-08,test,regime,0.09160284,0.0016465634
BTCUSDT,2025-04-09,test,regime,0.016984476,0.0017754138
BTCUSDT,2025-04-10,test,regime,0.06493245,0.0011156052
BTCUSDT,2025-04-11,test,regime,0.012517843,0.00026632845
BTCUSDT,2025-04-12,test,regime,-0.0023467627,-0.0010878295
BTCUSDT,2025-04-13,test,regime,0.016802175,-0.0032227486
BTCUSDT,2025-04-14,test,regime,0.033989526,-0.004351452
BTCUSDT,2025-04-15,test,regime,0.11078194,-0.005172923
BTCUSDT,2025-04-16,test,regime,0.10882459,-0.005287662
BTCUSDT,2025-04-17,test,regime,0.10104875,-0.0050565302
BTCUSDT,2025-04-18,test,regime,0.113614306,-0.0047007054
BTCUSDT,2025-04-19,test,regime,0.10639657,-0.0042203516
BTCUSDT,2025-04-20,test,regime,0.09586646,-0.0035860986
BTCUSDT,2025-04-21,test,regime,0.08217031,-0.003191039
BTCUSDT,2025-04-22,test,regime,0.0086716665,-0.0019137859
BTCUSDT,2025-04-23,test,regime,0.00511991,-0.0029516965
BTCUSDT,2025-04-24,test,regime,0.026351448,-0.003114745
BTCUSDT,2025-04-25,test,regime,0.023480523,-0.0032625198
BTCUSDT,2025-04-26,test,regime,0.012898032,-0.002963528
BTCUSDT,2025-04-27,test,regime,0.005619636,-0.0028781146
BTCUSDT,2025-04-28,test,regime,-0.0029249825,-0.00238356
BTCUSDT,2025-04-29,test,regime,0.026975194,-0.0023423433
BTCUSDT,2025-04-30,test,regime,0.029902464,-0.001898393
BTCUSDT,2025-05-01,test,regime,0.06782713,-0.0012199134
BTCUSDT,2025-05-02,test,regime,0.060910214,-0.0012300462
BTCUSDT,2025-05-03,test,regime,0.08929326,-0.0016791672
BTCUSDT,2025-05-04,test,regime,0.099281035,-0.0018269122
BTCUSDT,2025-05-05,test,regime,0.081631325,-0.0012496859
BTCUSDT,2025-05-06,test,regime,0.072389334,-0.0015948564
BTCUSDT,2025-05-07,test,regime,0.064621806,-0.0030878335
BTCUSDT,2025-05-08,test,regime,0.004850721,-0.0046353936
BTCUSDT,2025-05-09,test,regime,0.00476575,-0.005768597
BTCUSDT,2025-05-10,test,regime,-0.016186858,-0.0044436157
BTCUSDT,2025-05-11,test,regime,0.022190537,-0.0025075376
BTCUSDT,2025-05-12,test,regime,0.026708752,-0.000633657
BTCUSDT,2025-05-13,test,regime,0.02603818,0.0019390583
BTCUSDT,2025-05-14,test,regime,0.057591498,0.004100427
BTCUSDT,2025-05-15,test,regime,0.07366648,0.0058062524
BTCUSDT,2025-05-16,test,regime,0.036576424,0.0059458762
BTCUSDT,2025-05-17,test,regime,0.043966413,0.005790934
BTCUSDT,2025-05-18,test,regime,0.023670912,0.005351439
BTCUSDT,2025-05-19,test,regime,0.035919182,0.00439851
BTCUSDT,2025-05-20,test,regime,0.019354586,0.0032939464
BTCUSDT,2025-05-21,test,regime,-0.017130036,0.0016978383
BTCUSDT,2025-05-22,test,regime,-0.056221474,0.0007465333
BTCUSDT,2025-05-23,test,regime,-0.03154791,8.068979e-05
BTCUSDT,2025-05-24,test,regime,-0.029858338,0.00081035495
BTCUSDT,2025-05-25,test,regime,-0.0313215,0.0015250295
BTCUSDT,2025-05-26,test,regime,-0.033230368,0.002192691
BTCUSDT,2025-05-27,test,regime,-0.033237122,0.0028666258
BTCUSDT,2025-05-28,test,regime,-0.0290395,0.0037498027
BTCUSDT,2025-05-29,test,regime,-0.03941699,0.004880056
BTCUSDT,2025-05-30,test,regime,0.0029092478,0.0059677064
BTCUSDT,2025-05-31,test,regime,0.009139224,0.0071802884
BTCUSDT,2025-06-01,test,regime,0.0008616835,0.0075363815
BTCUSDT,2025-06-02,test,regime,0.040770125,0.007926747
BTCUSDT,2025-06-03,test,regime,0.04542836,0.0076853633
BTCUSDT,2025-06-04,test,regime,0.037017662,0.007302955
BTCUSDT,2025-06-05,test,regime,0.04019309,0.0071144253
BTCUSDT,2025-06-06,test,regime,0.016906582,0.006366387
BTCUSDT,2025-06-07,test,regime,-0.0013036177,0.005734697
BTCUSDT,2025-06-08,test,regime,-0.00132486,0.00525333
BTCUSDT,2025-06-09,test,regime,-0.031961896,0.003936991
BTCUSDT,2025-06-10,test,regime,-0.0532951,0.0026421547
BTCUSDT,2025-06-11,test,regime,-0.03520531,0.0020898134
BTCUSDT,2025-06-12,test,regime,-0.009633874,0.002447322
BTCUSDT,2025-06-13,test,regime,-0.026449187,0.003346309
BTCUSDT,2025-06-14,test,regime,-0.031752836,0.0044279248
BTCUSDT,2025-06-15,test,regime,-0.044838917,0.0055533946
BTCUSDT,2025-06-16,test,regime,-0.013771119,0.005966246
BTCUSDT,2025-06-17,test,regime,0.01454519,0.005957946
BTCUSDT,2025-06-18,test,regime,0.023125287,0.006136298
BTCUSDT,2025-06-19,test,regime,0.021630418,0.0061002225
BTCUSDT,2025-06-20,test,regime,0.035655584,0.006519094
BTCUSDT,2025-06-21,test,regime,0.049450044,0.0076954216
BTCUSDT,2025-06-22,test,regime,0.07066795,0.008731708
BTCUSDT,2025-06-23,test,regime,0.017061468,0.00834994
BTCUSDT,2025-06-24,test,regime,-0.003795359,0.006783828
BTCUSDT,2025-06-25,test,regime,0.013960343,0.0045420825
BTCUSDT,2025-06-26,test,regime,0.02436455,0.0025750995
BTCUSDT,2025-06-27,test,regime,0.008711789,0.0018998832
BTCUSDT,2025-06-28,test,regime,0.008365258,0.002211377
BTCUSDT,2025-06-29,test,regime,0.0077855424,0.0032886118
BTCUSDT,2025-06-30,test,regime,0.010365841,0.0043563545
BTCUSDT,2025-07-01,test,regime,0.03021458,0.0055152327
BTCUSDT,2025-07-02,test,regime,0.021668887,0.006632045
BTCUSDT,2025-07-03,test,regime,0.056977898,0.0064166635
BTCUSDT,2025-07-04,test,regime,0.08468842,0.0057485253
BTCUSDT,2025-07-05,test,regime,0.081793256,0.005448416
BTCUSDT,2025-07-06,test,regime,0.08663507,0.0053826272
BTCUSDT,2025-07-07,test,regime,0.10160447,0.005336806
BTCUSDT,2025-07-08,test,regime,0.07799141,0.0053530782
BTCUSDT,2025-07-09,test,regime,0.06437703,0.0042547584
BTCUSDT,2025-07-10,test,regime,0.026938088,0.0030070096
BTCUSDT,2025-07-11,test,regime,0.0033737621,0.0030587763
BTCUSDT,2025-07-12,test,regime,0.0035705215,0.0042057484
BTCUSDT,2025-07-13,test,regime,-0.015413941,0.006054595
BTCUSDT,2025-07-14,test,regime,-0.020747764,0.0081511885
BTCUSDT,2025-07-15,test,regime,0.018479401,0.009674281
BTCUSDT,2025-07-16,test,regime,0.0010578533,0.010923579
BTCUSDT,2025-07-17,test,regime,-0.007044279,0.011546165
BTCUSDT,2025-07-18,test,regime,-0.0026367607,0.011630788
BTCUSDT,2025-07-19,test,regime,0.00067857146,0.011293232
BTCUSDT,2025-07-20,test,regime,0.018172072,0.010792509
BTCUSDT,2025-07-21,test,regime,0.0057930187,0.010725468
BTCUSDT,2025-07-22,test,regime,-0.016844587,0.01068452
BTCUSDT,2025-07-23,test,regime,-0.0077405656,0.010434762
BTCUSDT,2025-07-24,test,regime,-0.022015875,0.0107283145
BTCUSDT,2025-07-25,test,regime,-0.037389815,0.012224868
BTCUSDT,2025-07-26,test,regime,-0.04664121,0.012493387
BTCUSDT,2025-07-27,test,regime,-0.044581074,0.010667801
BTCUSDT,2025-07-28,test,regime,-0.025802085,0.00897406
BTCUSDT,2025-07-29,test,regime,-0.03293129,0.008119285
BTCUSDT,2025-07-30,test,regime,-0.02446541,0.008482128
BTCUSDT,2025-07-31,test,regime,0.014645766,0.01007165
BTCUSDT,2025-08-01,test,regime,0.029369166,0.013375416
BTCUSDT,2025-08-02,test,regime,0.03420205,0.015523374
BTCUSDT,2025-08-03,test,regime,0.043562766,0.015632942
BTCUSDT,2025-08-04,test,regime,0.031070815,0.01452297
BTCUSDT,2025-08-05,test,regime,0.051272493,0.01324819
BTCUSDT,2025-08-06,test,regime,0.06980765,0.011548653
BTCUSDT,2025-08-07,test,regime,0.006982173,0.009446844
BTCUSDT,2025-08-08,test,regime,0.0057031107,0.007825658
BTCUSDT,2025-08-09,test,regime,0.007854972,0.0070426464
BTCUSDT,2025-08-10,test,regime,-0.015961537,0.006183386
BTCUSDT,2025-08-11,test,regime,-0.020935744,0.0054742694
BTCUSDT,2025-08-12,test,regime,-0.06234569,0.005531639
BTCUSDT,2025-08-13,test,regime,-0.07609764,0.0056577325
BTCUSDT,2025-08-14,test,regime,-0.050229043,0.0057970732
BTCUSDT,2025-08-15,test,regime,-0.003466483,0.0067119747
BTCUSDT,2025-08-16,test,regime,-0.016688135,0.007966533
BTCUSDT,2025-08-17,test,regime,-0.03388322,0.008947775
BTCUSDT,2025-08-18,test,regime,-0.054047756,0.010011733
BTCUSDT,2025-08-19,test,regime,-0.009880235,0.011315718
BTCUSDT,2025-08-20,test,regime,-0.02668705,0.012149185
BTCUSDT,2025-08-21,test,regime,0.0005944899,0.012597397
BTCUSDT,2025-08-22,test,regime,-0.07600711,0.012178361
BTCUSDT,2025-08-23,test,regime,-0.059072606,0.011569813
BTCUSDT,2025-08-24,test,regime,-0.047336712,0.011635512
BTCUSDT,2025-08-25,test,regime,-0.007974169,0.011763051
BTCUSDT,2025-08-26,test,regime,-0.004692407,0.011394277
BTCUSDT,2025-08-27,test,regime,0.0039799535,0.010774478
BTCUSDT,2025-08-28,test,regime,-0.016445048,0.009748206
BTCUSDT,2025-08-29,test,regime,0.020842766,0.009653166
BTCUSDT,2025-08-30,test,regime,0.012526311,0.009980425
BTCUSDT,2025-08-31,test,regime,0.026357086,0.010329917
BTCUSDT,2025-09-01,test,regime,0.025557434,0.010223433
BTCUSDT,2025-09-02,test,regime,0.0027504389,0.009650856
BTCUSDT,2025-09-03,test,regime,0.019979686,0.008690268
BTCUSDT,2025-09-04,test,regime,0.042017985,0.008163437
BTCUSDT,2025-09-05,test,regime,0.04738143,0.0071451217
BTCUSDT,2025-09-06,test,regime,0.050697822,0.0064454377
BTCUSDT,2025-09-07,test,regime,0.036493205,0.0054206103
BTCUSDT,2025-09-08,test,regime,0.028887358,0.0041783005
BTCUSDT,2025-09-09,test,regime,0.045927987,0.0032895654
BTCUSDT,2025-09-10,test,regime,0.02159379,0.0024086982
BTCUSDT,2025-09-11,test,regime,0.0136815505,0.0013512522
BTCUSDT,2025-09-12,test,regime,-0.0034277588,0.0007619709
BTCUSDT,2025-09-13,test,regime,-0.0020091203,0.0011517704
BTCUSDT,2025-09-14,test,regime,-0.00030993452,0.0024743825
BTCUSDT,2025-09-15,test,regime,-0.023674015,0.0035461783
BTCUSDT,2025-09-16,test,regime,-0.041880388,0.004572615
BTCUSDT,2025-09-17,test,regime,-0.02734035,0.0051175654
BTCUSDT,2025-09-18,test,regime,-0.07150487,0.0057194084
BTCUSDT,2025-09-19,test,regime,-0.053182192,0.006275937
BTCUSDT,2025-09-20,test,regime,-0.053712007,0.006912455
BTCUSDT,2025-09-21,test,regime,-0.026988365,0.0075466037
BTCUSDT,2025-09-22,test,regime,0.014636748,0.0091801435
BTCUSDT,2025-09-23,test,regime,0.01813941,0.011764929
BTCUSDT,2025-09-24,test,regime,0.045613293,0.013565868
BTCUSDT,2025-09-25,test,regime,0.10059596,0.014578089
BTCUSDT,2025-09-26,test,regime,0.10868705,0.014255658
BTCUSDT,2025-09-27,test,regime,0.110056415,0.013193026
BTCUSDT,2025-09-28,test,regime,0.096136265,0.011643529
BTCUSDT,2025-09-29,test,regime,0.086647116,0.009814844
BTCUSDT,2025-09-30,test,regime,0.061910853,0.008272901
BTCUSDT,2025-10-01,test,regime,0.038954828,0.0063420683
BTCUSDT,2025-10-02,test,regime,0.009356704,0.004888788
BTCUSDT,2025-10-03,test,regime,-0.08053063,0.004488319
BTCUSDT,2025-10-04,test,regime,-0.10089938,0.0052014887
BTCUSDT,2025-10-05,test,regime,-0.071524106,0.006668195
BTCUSDT,2025-10-06,test,regime,-0.079203755,0.0084340125
BTCUSDT,2025-10-07,test,regime,-0.0709016,0.009478167
BTCUSDT,2025-10-08,test,regime,-0.10727376,0.010562897
BTCUSDT,2025-10-09,test,regime,-0.1173215,0.011227027
BTCUSDT,2025-10-10,test,regime,-0.057886973,0.0109613985
BTCUSDT,2025-10-11,test,regime,-0.031765047,0.011454225
BTCUSDT,2025-10-12,test,regime,-0.056508552,0.01170446
BTCUSDT,2025-10-13,test,regime,-0.04106868,0.0116701275
BTCUSDT,2025-10-14,test,regime,-0.042753175,0.011485472
BTCUSDT,2025-10-15,test,regime,-0.029277312,0.011022717
BTCUSDT,2025-10-16,test,regime,0.017262341,0.009799585
BTCUSDT,2025-10-17,test,regime,0.042070977,0.0079609305
BTCUSDT,2025-10-18,test,regime,0.040779162,0.006275609
BTCUSDT,2025-10-19,test,regime,0.053028215,0.0052485615
BTCUSDT,2025-10-20,test,regime,0.031836417,0.0048443973
BTCUSDT,2025-10-21,test,regime,0.041605104,0.004672751
BTCUSDT,2025-10-22,test,regime,0.022555893,0.0051163584
BTCUSDT,2025-10-23,test,regime,-0.016074443,0.0053344816
BTCUSDT,2025-10-24,test,regime,-0.012663798,0.0046037883
BTCUSDT,2025-10-25,test,regime,-0.013963783,0.0040671676
BTCUSDT,2025-10-26,test,regime,-0.03570987,0.0033033192
BTCUSDT,2025-10-27,test,regime,-0.0682179,0.0020360947
BTCUSDT,2025-10-28,test,regime,-0.10645733,0.0011042207
BTCUSDT,2025-10-29,test,regime,-0.057387833,0.00084377825
BTCUSDT,2025-10-30,test,regime,-0.066575594,0.0015324503
BTCUSDT,2025-10-31,test,regime,-0.058894835,0.0022611767
BTCUSDT,2025-11-01,test,regime,-0.07333563,0.0030161291
BTCUSDT,2025-11-02,test,regime,-0.054065213,0.0034652203
BTCUSDT,2025-11-03,test,regime,-0.005380311,0.00463894
BTCUSDT,2025-11-04,test,regime,0.0152701335,0.0072351545
BTCUSDT,2025-11-05,test,regime,-0.02170753,0.008920297
BTCUSDT,2025-11-06,test,regime,-0.016455166,0.00977923
BTCUSDT,2025-11-07,test,regime,-0.08842157,0.00946781
BTCUSDT,2025-11-08,test,regime,-0.06790267,0.008894846
BTCUSDT,2025-11-09,test,regime,-0.105246186,0.0074346513
BTCUSDT,2025-11-10,test,regime,-0.13941976,0.005665973
BTCUSDT,2025-11-11,test,regime,-0.10312332,0.0043808073
BTCUSDT,2025-11-12,test,regime,-0.10463908,0.003439799
BTCUSDT,2025-11-13,test,regime,-0.140356,0.0028706938
BTCUSDT,2025-11-14,test,regime,-0.105421245,0.0034902394
BTCUSDT,2025-11-15,test,regime,-0.120548815,0.0046242177
BTCUSDT,2025-11-16,test,regime,-0.082120016,0.005926773
BTCUSDT,2025-11-17,test,regime,-0.043384105,0.0063221306
BTCUSDT,2025-11-18,test,regime,-0.062026706,0.005627528
BTCUSDT,2025-11-19,test,regime,-0.011766187,0.0049344897
BTCUSDT,2025-11-20,test,regime,0.05279294,0.0046305805
BTCUSDT,2025-11-21,test,regime,0.06548488,0.0038190335
BTCUSDT,2025-11-22,test,regime,0.06910148,0.004014984
BTCUSDT,2025-11-23,test,regime,0.03984951,0.0049651563
BTCUSDT,2025-11-24,test,regime,-0.023072746,0.006162122
BTCUSDT,2025-11-25,test,regime,0.04375696,0.0068792254
BTCUSDT,2025-11-26,test,regime,0.032038696,0.0072901547
BTCUSDT,2025-11-27,test,regime,0.008114126,0.0075312406
BTCUSDT,2025-11-28,test,regime,-0.01731986,0.0069846064
BTCUSDT,2025-11-29,test,regime,-0.017392758,0.006453261
BTCUSDT,2025-11-30,test,regime,0.00039069392,0.0061460137
BTCUSDT,2025-12-01,test,regime,0.049165692,0.004918292
BTCUSDT,2025-12-02,test,regime,0.015231271,0.004578203
BTCUSDT,2025-12-03,test,regime,-0.015256329,0.0031908303
BTCUSDT,2025-12-04,test,regime,0.0047165873,0.0012280196
BTCUSDT,2025-12-05,test,regime,0.010449851,-0.00020995736
BTCUSDT,2025-12-06,test,regime,0.0111795,-3.72231e-05
BTCUSDT,2025-12-07,test,regime,-0.024901005,0.0006391853
BTCUSDT,2025-12-08,test,regime,-0.047474265,0.000707224
BTCUSDT,2025-12-09,test,regime,-0.05335619,-8.5413456e-05
BTCUSDT,2025-12-10,test,regime,-0.064784184,-0.0019652098
BTCUSDT,2025-12-11,test,regime,-0.078645,-0.0030898154
BTCUSDT,2025-12-12,test,regime,-0.023895934,-0.004114434
BTCUSDT,2025-12-13,test,regime,-0.021043334,-0.0037441403
BTCUSDT,2025-12-14,test,regime,0.005504591,-0.0023005456
BTCUSDT,2025-12-15,test,regime,0.025007578,0.0003809482
BTCUSDT,2025-12-16,test,regime,-0.004304783,0.002987668
BTCUSDT,2025-12-17,test,regime,0.016402047,0.0044399947
BTCUSDT,2025-12-18,test,regime,0.019785795,0.00509198
BTCUSDT,2025-12-19,test,regime,-0.008744803,0.0049624443
BTCUSDT,2025-12-20,test,regime,-0.005491341,0.0044666976
BTCUSDT,2025-12-21,test,regime,-0.007996688,0.0038157254
BTCUSDT,2025-12-22,test,regime,-0.015736436,0.0031785518
BTCUSDT,2025-12-23,test,regime,0.011359803,0.0027902275
BTCUSDT,2025-12-24,test,regime,-0.00024218894,0.0030210018
